School Year,ULCS Code,School Name,School Level,Average Daily Attendance
2013-2014,1010,John Bartram High School,High,82.59999999999999
2013-2014,1020,West Philadelphia High School,High,83.8
2013-2014,1030,High School of the Future,High,91.8
2013-2014,1050,Paul Robeson High School for Human Services,High,91.7
2013-2014,1100,William L. Sayre High School,High,83.7
2013-2014,1130,William T. Tilden School,Middle,85.40000000000001
2013-2014,1190,Motivation High School,High,94.5
2013-2014,1200,John Barry School,Elementary-Middle,92.3
2013-2014,1230,William C. Bryant School,Elementary-Middle,90.7
2013-2014,1250,Joseph W. Catharine School,Elementary,93.9
2013-2014,1260,Benjamin B. Comegys School,Elementary-Middle,91.8
2013-2014,1280,Sadie Alexander School,Elementary-Middle,97.7
2013-2014,1290,Andrew Hamilton School,Elementary-Middle,94.09999999999999
2013-2014,1300,Avery D. Harrington School,Elementary-Middle,94.59999999999999
2013-2014,1330,Samuel B. Huey School,Elementary-Middle,90.90000000000001
2013-2014,1340,Henry C. Lea School,Elementary-Middle,93.2
2013-2014,1350,William C. Longstreth School,Elementary-Middle,92.59999999999999
2013-2014,1360,Morton McMichael School,Elementary-Middle,92.0
2013-2014,1370,S. Weir Mitchell School,Elementary,91.5
2013-2014,1380,Thomas G. Morton School,Elementary,92.9
2013-2014,1390,Samuel Powel School,Elementary,95.59999999999999
2013-2014,1400,John M. Patterson School,Elementary,94.5
2013-2014,1410,James Rhoads School,Elementary-Middle,89.8
2013-2014,1420,Martha Washington School,Elementary-Middle,93.09999999999999
2013-2014,1440,Penrose School,Elementary-Middle,94.09999999999999
2013-2014,1460,Add B. Anderson School,Elementary-Middle,93.0
2013-2014,1470,Alain Locke School,Elementary-Middle,91.09999999999999
2013-2014,1490,Rudolph Blankenburg School,Elementary-Middle,91.09999999999999
2013-2014,1580,Middle Years Alternative School,Middle,92.8
2013-2014,2000,South Philadelphia High School,High,83.09999999999999
2013-2014,2010,Benjamin Franklin High School,High,78.3
2013-2014,2020,High School for Creative and Performing Arts School,High,94.8
2013-2014,2140,Julia R. Masterman School,Middle-High,98.3
2013-2014,2160,Furness High School,High,88.09999999999999
2013-2014,2190,D. Newlin Fell School,Elementary-Middle,94.2
2013-2014,2210,Bache-Martin School,Elementary-Middle,94.8
2013-2014,2240,F. Amedee Bregy School,Elementary-Middle,93.5
2013-2014,2260,George W. Childs School,Elementary-Middle,93.4
2013-2014,2290,Franklin Learning Center,High,92.59999999999999
2013-2014,2320,Stephen Girard School,Elementary,93.4
2013-2014,2340,General George A. McCall School,Elementary-Middle,97.3
2013-2014,2370,Delaplaine McDaniel School,Elementary-Middle,92.0
2013-2014,2380,William M. Meredith School,Elementary-Middle,97.0
2013-2014,2390,Robert Morris School,Elementary-Middle,91.7
2013-2014,2410,Girard Academic Music Program,Middle-High,96.40000000000001
2013-2014,2450,Edwin M. Stanton School,Elementary-Middle,94.4
2013-2014,2470,Albert M. Greenfield School,Elementary-Middle,96.09999999999999
2013-2014,2480,Chester A. Arthur School,Elementary-Middle,94.59999999999999
2013-2014,2490,Laura W. Waring School,Elementary-Middle,94.8
2013-2014,2510,Andrew Jackson School,Elementary-Middle,95.59999999999999
2013-2014,2520,Abram S. Jenks School,Elementary,95.59999999999999
2013-2014,2540,Francis S. Key School,Elementary,95.4
2013-2014,2580,Eliza B. Kirkbride School,Elementary-Middle,97.3
2013-2014,2590,George W. Nebinger School,Elementary-Middle,94.8
2013-2014,2620,Academy at Palumbo,High,96.40000000000001
2013-2014,2630,George W. Sharswood School,Elementary-Middle,94.59999999999999
2013-2014,2640,Southwark School,Elementary-Middle,95.7
2013-2014,2650,Science Leadership Academy,High,95.59999999999999
2013-2014,2670,Constitution High School,High,94.2
2013-2014,2690,John H. Taggart School,Elementary-Middle,94.0
2013-2014,2720,Vare-Washington School,Elementary-Middle,94.59999999999999
2013-2014,4020,Overbrook High School,High,79.8
2013-2014,4030,High School of Engineering and Science,High,96.7
2013-2014,4060,Murrell Dobbins Career and Technical High School,High,90.09999999999999
2013-2014,4100,Dimner Beeber School,Middle,90.4
2013-2014,4140,Strawberry Mansion High School,High,73
2013-2014,4220,James G. Blaine School,Elementary-Middle,92.9
2013-2014,4240,Lewis C. Cassidy Academics Plus School,Elementary,93.2
2013-2014,4270,William Dick School,Elementary-Middle,92.5
2013-2014,4280,Samuel Gompers School,Elementary,93.9
2013-2014,4300,Edward Heston School,Elementary-Middle,91.59999999999999
2013-2014,4320,Robert E. Lamberton School,Elementary-Middle,95.5
2013-2014,4350,E. Washington Rhodes School,Elementary-Middle,87.8
2013-2014,4370,Overbrook School,Elementary,94.0
2013-2014,4380,Thomas M. Peirce School,Elementary,93.7
2013-2014,4440,Dr. Ethel Allen School,Elementary-Middle,92.9
2013-2014,4460,Tanner G. Duckrey School,Elementary-Middle,91.4
2013-2014,4470,Richard R. Wright School,Elementary,90.8
2013-2014,4480,Overbrook Educational Center,Elementary-Middle,96.0
2013-2014,4530,Edward Gideon School,Elementary-Middle,93.2
2013-2014,4560,William D. Kelley School,Elementary-Middle,90.7
2013-2014,4570,General George G. Meade School,Elementary-Middle,90.2
2013-2014,5020,Thomas A. Edison High School,High,76.8
2013-2014,5050,Philadelphia Military Academy,High,95.59999999999999
2013-2014,5060,Jules E. Mastbaum Area Vocational Technical High School,High,90.2
2013-2014,5070,Parkway Northwest High School,High,92.8
2013-2014,5080,Parkway Center City High School,High,94.5
2013-2014,5090,Parkway West High School,High,92.8
2013-2014,5150,William W. Bodine High School,High,95.5
2013-2014,5160,Penn Treaty High School,Middle-High,81.5
2013-2014,5170,Julia de Burgos School,Elementary-Middle,93.5
2013-2014,5200,Alexander Adaire School,Elementary-Middle,93.4
2013-2014,5210,Henry A. Brown School,Elementary-Middle,93.5
2013-2014,5230,Russell H. Conwell School,Middle,94.5
2013-2014,5250,Paul L. Dunbar School,Elementary-Middle,92.5
2013-2014,5260,Lewis Elkin School,Elementary,92.0
2013-2014,5300,Horatio B. Hackett School,Elementary,93.7
2013-2014,5320,John F. Hartranft School,Elementary-Middle,92.09999999999999
2013-2014,5330,William H. Hunter School,Elementary-Middle,94.5
2013-2014,5340,James R. Ludlow School,Elementary-Middle,93.7
2013-2014,5350,William McKinley School,Elementary-Middle,93.7
2013-2014,5370,John Moffet School,Elementary,94.3
2013-2014,5390,Potter-Thomas School,Elementary-Middle,92.59999999999999
2013-2014,5400,Richmond School,Elementary,93.9
2013-2014,5410,Isaac A. Sheppard School,Elementary,92.4
2013-2014,5420,John Welsh School,Elementary-Middle,93.9
2013-2014,5430,Alternative Middle Years at James Martin,Middle,94.0
2013-2014,5440,Frances E. Willard School,Elementary,92.5
2013-2014,5470,William Cramp School,Elementary,92.8
2013-2014,5480,General Philip Kearny School,Elementary-Middle,94.3
2013-2014,5490,Cayuga School,Elementary,92.9
2013-2014,5500,Thurgood Marshall School,Elementary-Middle,93.59999999999999
2013-2014,5510,"Kensington International Business, Finance, and Entrepreneurship High School",High,79.40000000000001
2013-2014,5520,Kensington High School for Creative and Performing Arts,High,86.59999999999999
2013-2014,5530,Philip H. Sheridan School,Elementary,92.4
2013-2014,5550,Kensington Health Sciences Academy,High,81
2013-2014,5560,Spring Garden School,Elementary-Middle,93.9
2013-2014,5590,John H. Webster School,Elementary,92.9
2013-2014,5600,Kensington Urban Education Academy,High,81.8
2013-2014,5680,Honorable Luis Munoz-Marin School,Elementary-Middle,92.59999999999999
2013-2014,6010,Central High School,High,96.5
2013-2014,6030,Roxborough High School,High,89.8
2013-2014,6040,Walter B. Saul High School,High,93.09999999999999
2013-2014,6050,Philadelphia High School for Girls,High,94.59999999999999
2013-2014,6060,Martin Luther King High School,High,81.7
2013-2014,6090,A. Philip Randolph Career and Technical High School,High,88.59999999999999
2013-2014,6100,Morris E. Leeds School,Middle,89.9
2013-2014,6200,Anna B. Day School,Elementary-Middle,95.4
2013-2014,6210,Franklin S. Edmonds School,Elementary,95.8
2013-2014,6220,Eleanor C. Emlen School,Elementary,93.8
2013-2014,6230,Fitler Academics Plus School,Elementary-Middle,95.4
2013-2014,6250,Charles W. Henry School,Elementary-Middle,94.8
2013-2014,6260,Henry H. Houston School,Elementary-Middle,94.3
2013-2014,6270,John S. Jenks School,Elementary-Middle,95.8
2013-2014,6300,James Logan School,Elementary,94.2
2013-2014,6310,John F. McCloskey School,Elementary-Middle,95.7
2013-2014,6320,Thomas Mifflin School,Elementary-Middle,94.59999999999999
2013-2014,6340,Joseph Pennell School,Elementary,92.59999999999999
2013-2014,6350,Samuel Pennypacker School,Elementary,93.5
2013-2014,6360,Theodore Roosevelt School,Elementary-Middle,84.5
2013-2014,6380,Shawmont School,Elementary-Middle,96.2
2013-2014,6390,Edward T. Steel School,Elementary-Middle,93.59999999999999
2013-2014,6410,Cook-Wissahickon School,Elementary-Middle,95.09999999999999
2013-2014,6430,John Wister School,Elementary,92.3
2013-2014,6440,Anna L. Lingelbach School,Elementary-Middle,95.59999999999999
2013-2014,6450,James Dobson School,Elementary-Middle,94.2
2013-2014,6460,Hill-Freedman School,Middle,95.9
2013-2014,6470,John B. Kelly School,Elementary,93.4
2013-2014,6480,Academy for the Middle Years at Northwest,Middle,96.7
2013-2014,6540,Lankenau High School,High,93.59999999999999
2013-2014,7010,Frankford High School,High,80.40000000000001
2013-2014,7100,Jay Cooke School,Elementary-Middle,94.0
2013-2014,7110,Warren G. Harding School,Middle,89.8
2013-2014,7120,Samuel Fels High School,High,86.7
2013-2014,7130,General Louis Wagner School,Middle,90.09999999999999
2013-2014,7150,Juniata Park Academy,Elementary-Middle,95.09999999999999
2013-2014,7200,Clara Barton School,Elementary,93.9
2013-2014,7220,Laura H. Carnell School,Elementary,93.7
2013-2014,7260,Ellwood School,Elementary,94.0
2013-2014,7270,Thomas K. Finletter School,Elementary-Middle,94.9
2013-2014,7280,Benjamin Franklin School,Elementary-Middle,95.0
2013-2014,7290,Allen M. Stearne School,Elementary-Middle,93.4
2013-2014,7300,Francis Hopkinson School,Elementary-Middle,93.5
2013-2014,7310,Feltonville Intermediate School,Elementary,94.7
2013-2014,7320,Julia W. Howe School,Elementary,92.3
2013-2014,7330,Henry W. Lawton School,Elementary,92.59999999999999
2013-2014,7350,James R. Lowell School,Elementary,94.9
2013-2014,7360,John Marshall School,Elementary,92.3
2013-2014,7370,"Grover Washington, Jr. School",Middle,94.9
2013-2014,7380,Alexander K. McClure School,Elementary,94.09999999999999
2013-2014,7390,Andrew J. Morrison School,Elementary-Middle,93.5
2013-2014,7400,Olney School,Elementary-Middle,93.7
2013-2014,7430,James J. Sullivan School,Elementary,92.59999999999999
2013-2014,7440,Bayard Taylor School,Elementary,93.5
2013-2014,7460,William H. Ziegler School,Elementary-Middle,94.59999999999999
2013-2014,7470,Bridesburg School,Elementary,93.9
2013-2014,7490,Prince Hall School,Elementary,94.5
2013-2014,7500,Feltonville School of Arts and Sciences,Middle,92.3
2013-2014,7510,Mary M. Bethune School,Elementary-Middle,91.7
2013-2014,7530,William Rowen School,Elementary,94.4
2013-2014,7730,Roberto Clemente School,Middle,91.9
2013-2014,8010,Abraham Lincoln High School,High,84.7
2013-2014,8020,Northeast High School,High,90.0
2013-2014,8030,George Washington High School,High,88.7
2013-2014,8040,Arts Academy at Benjamin Rush,High,95.4
2013-2014,8090,Swenson Arts and Technology High School,High,94.4
2013-2014,8120,Woodrow Wilson School,Middle,95.09999999999999
2013-2014,8140,Austin Meehan School,Middle,93.2
2013-2014,8160,Baldi School,Middle,95.8
2013-2014,8180,John Hancock Demonstration School,Elementary,95.9
2013-2014,8200,Ethan Allen School,Elementary-Middle,93.4
2013-2014,8210,Joseph H. Brown School,Elementary,93.8
2013-2014,8230,Kennedy C. Crossan School,Elementary,96.8
2013-2014,8240,Hamilton Disston School,Elementary-Middle,92.7
2013-2014,8250,Edwin Forrest School,Elementary,94.2
2013-2014,8260,Fox Chase School,Elementary,95.5
2013-2014,8270,Thomas Holme School,Elementary,94.2
2013-2014,8300,Mayfair School,Elementary-Middle,95.4
2013-2014,8310,J. Hampton Moore School,Elementary,95.09999999999999
2013-2014,8320,General J. Harry LaBrum School,Middle,94.4
2013-2014,8340,Solomon Solis-Cohen School,Elementary,94.59999999999999
2013-2014,8350,Gilbert Spruance School,Elementary-Middle,95.5
2013-2014,8360,Rhawnhurst School,Elementary,95.8
2013-2014,8370,Watson Comly School,Elementary,95.4
2013-2014,8380,Louis H. Farrell School,Elementary-Middle,95.9
2013-2014,8390,A.L. Fitzpatrick School,Elementary-Middle,94.09999999999999
2013-2014,8400,Anne Frank School,Elementary,96.2
2013-2014,8410,Robert B. Pollock School,Elementary,95.3
2013-2014,8420,Stephen Decatur School,Elementary-Middle,94.8
2013-2014,8430,Joseph Greenberg School,Elementary-Middle,97.09999999999999
2013-2014,8440,William H. Loesche School,Elementary,95.2
2013-2014,8560,The Workshop School,High,99.8
2014-2015,1010,John Bartram High School,High,83
2014-2015,1020,West Philadelphia High School,High,86.0
2014-2015,1030,High School of the Future,High,93.59999999999999
2014-2015,1050,Paul Robeson High School for Human Services,High,94.59999999999999
2014-2015,1100,William L. Sayre High School,High,77.59999999999999
2014-2015,1130,William T. Tilden School,Middle,83
2014-2015,1190,Motivation High School,High,93.59999999999999
2014-2015,1200,John Barry School,Elementary-Middle,94.5
2014-2015,1230,William C. Bryant School,Elementary-Middle,92.3
2014-2015,1250,Joseph W. Catharine School,Elementary,95.09999999999999
2014-2015,1260,Benjamin B. Comegys School,Elementary-Middle,93.7
2014-2015,1280,Sadie Alexander School,Elementary-Middle,97.90000000000001
2014-2015,1290,Andrew Hamilton School,Elementary-Middle,94.9
2014-2015,1300,Avery D. Harrington School,Elementary-Middle,95.0
2014-2015,1330,Samuel B. Huey School,Elementary-Middle,91.8
2014-2015,1340,Henry C. Lea School,Elementary-Middle,95.8
2014-2015,1350,William C. Longstreth School,Elementary-Middle,95.09999999999999
2014-2015,1360,Morton McMichael School,Elementary-Middle,92.4
2014-2015,1370,S. Weir Mitchell School,Elementary-Middle,93.5
2014-2015,1380,Thomas G. Morton School,Elementary,95.2
2014-2015,1390,Samuel Powel School,Elementary,96.9
2014-2015,1400,John M. Patterson School,Elementary,95.7
2014-2015,1410,James Rhoads School,Elementary-Middle,91.2
2014-2015,1420,Martha Washington School,Elementary-Middle,93.8
2014-2015,1440,Penrose School,Elementary-Middle,95.09999999999999
2014-2015,1460,Add B. Anderson School,Elementary-Middle,94.7
2014-2015,1470,Alain Locke School,Elementary-Middle,93.7
2014-2015,1490,Rudolph Blankenburg School,Elementary-Middle,93.0
2014-2015,1580,Middle Years Alternative School,Middle,96.3
2014-2015,2000,South Philadelphia High School,High,83.3
2014-2015,2010,Benjamin Franklin High School,High,83.5
2014-2015,2020,High School for Creative and Performing Arts School,High,95.0
2014-2015,2140,Julia R. Masterman School,Middle-High,98.4
2014-2015,2160,Furness High School,High,85.3
2014-2015,2190,D. Newlin Fell School,Elementary-Middle,95.0
2014-2015,2210,Bache-Martin School,Elementary-Middle,95.4
2014-2015,2240,F. Amedee Bregy School,Elementary-Middle,93.4
2014-2015,2260,George W. Childs School,Elementary-Middle,95.9
2014-2015,2290,Franklin Learning Center,High,93.3
2014-2015,2320,Stephen Girard School,Elementary,94.5
2014-2015,2340,General George A. McCall School,Elementary-Middle,97.8
2014-2015,2370,Delaplaine McDaniel School,Elementary-Middle,93.4
2014-2015,2380,William M. Meredith School,Elementary-Middle,97.4
2014-2015,2390,Robert Morris School,Elementary-Middle,93.9
2014-2015,2410,Girard Academic Music Program,Middle-High,97.09999999999999
2014-2015,2450,Edwin M. Stanton School,Elementary-Middle,94.0
2014-2015,2470,Albert M. Greenfield School,Elementary-Middle,96.3
2014-2015,2480,Chester A. Arthur School,Elementary-Middle,94.5
2014-2015,2490,Laura W. Waring School,Elementary-Middle,94.8
2014-2015,2510,Andrew Jackson School,Elementary-Middle,96.5
2014-2015,2520,Abram S. Jenks School,Elementary,96.7
2014-2015,2540,Francis S. Key School,Elementary,96.40000000000001
2014-2015,2580,Eliza B. Kirkbride School,Elementary-Middle,97.4
2014-2015,2590,George W. Nebinger School,Elementary-Middle,95.2
2014-2015,2620,Academy at Palumbo,High,97.0
2014-2015,2630,George W. Sharswood School,Elementary-Middle,94.4
2014-2015,2640,Southwark School,Elementary-Middle,96.09999999999999
2014-2015,2650,Science Leadership Academy,High,95.8
2014-2015,2670,Constitution High School,High,95.2
2014-2015,2690,John H. Taggart School,Elementary-Middle,95.3
2014-2015,2720,Vare-Washington School,Elementary-Middle,95.4
2014-2015,4020,Overbrook High School,High,81.59999999999999
2014-2015,4030,High School of Engineering and Science,High,96.59999999999999
2014-2015,4060,Murrell Dobbins Career and Technical High School,High,92.3
2014-2015,4100,Dimner Beeber School,Middle,92.09999999999999
2014-2015,4140,Strawberry Mansion High School,High,79.90000000000001
2014-2015,4220,James G. Blaine School,Elementary-Middle,93.0
2014-2015,4240,Lewis C. Cassidy Academics Plus School,Elementary,94.3
2014-2015,4270,William Dick School,Elementary-Middle,92.4
2014-2015,4280,Samuel Gompers School,Elementary,95.09999999999999
2014-2015,4300,Edward Heston School,Elementary-Middle,93.3
2014-2015,4320,Robert E. Lamberton School,Elementary-Middle,95.09999999999999
2014-2015,4350,E. Washington Rhodes School,Elementary-Middle,89.9
2014-2015,4370,Overbrook School,Elementary,96.0
2014-2015,4380,Thomas M. Peirce School,Elementary,93.5
2014-2015,4440,Dr. Ethel Allen School,Elementary-Middle,92.7
2014-2015,4460,Tanner G. Duckrey School,Elementary-Middle,92.7
2014-2015,4470,Richard R. Wright School,Elementary,93.5
2014-2015,4480,Overbrook Educational Center,Elementary-Middle,96.2
2014-2015,4530,Edward Gideon School,Elementary-Middle,94.8
2014-2015,4560,William D. Kelley School,Elementary-Middle,92.2
2014-2015,4570,General George G. Meade School,Elementary-Middle,93.0
2014-2015,5020,Thomas A. Edison High School,High,77.7
2014-2015,5050,Philadelphia Military Academy,High,94.8
2014-2015,5060,Jules E. Mastbaum Area Vocational Technical High School,High,91.59999999999999
2014-2015,5070,Parkway Northwest High School,High,94.8
2014-2015,5080,Parkway Center City High School,High,94.5
2014-2015,5090,Parkway West High School,High,92.5
2014-2015,5150,William W. Bodine High School,High,96.09999999999999
2014-2015,5160,Penn Treaty High School,Middle-High,84.2
2014-2015,5170,Julia de Burgos School,Elementary-Middle,92.7
2014-2015,5200,Alexander Adaire School,Elementary-Middle,95.4
2014-2015,5210,Henry A. Brown School,Elementary-Middle,95.7
2014-2015,5230,Russell H. Conwell School,Middle,96.5
2014-2015,5250,Paul L. Dunbar School,Elementary-Middle,94.2
2014-2015,5260,Lewis Elkin School,Elementary,93.59999999999999
2014-2015,5300,Horatio B. Hackett School,Elementary,94.4
2014-2015,5320,John F. Hartranft School,Elementary-Middle,93.59999999999999
2014-2015,5330,William H. Hunter School,Elementary-Middle,95.59999999999999
2014-2015,5340,James R. Ludlow School,Elementary-Middle,95.0
2014-2015,5350,William McKinley School,Elementary-Middle,94.8
2014-2015,5370,John Moffet School,Elementary,96.0
2014-2015,5390,Potter-Thomas School,Elementary-Middle,93.0
2014-2015,5400,Richmond School,Elementary,94.0
2014-2015,5410,Isaac A. Sheppard School,Elementary,94.5
2014-2015,5420,John Welsh School,Elementary-Middle,94.7
2014-2015,5430,Alternative Middle Years at James Martin,Middle,94.9
2014-2015,5440,Frances E. Willard School,Elementary,94.0
2014-2015,5470,William Cramp School,Elementary,94.5
2014-2015,5480,General Philip Kearny School,Elementary-Middle,95.3
2014-2015,5490,Cayuga School,Elementary,94.9
2014-2015,5500,Thurgood Marshall School,Elementary-Middle,94.2
2014-2015,5510,"Kensington International Business, Finance, and Entrepreneurship High School",High,81.7
2014-2015,5520,Kensington High School for Creative and Performing Arts,High,85.09999999999999
2014-2015,5530,Philip H. Sheridan School,Elementary,94.5
2014-2015,5550,Kensington Health Sciences Academy,High,83.90000000000001
2014-2015,5560,Spring Garden School,Elementary-Middle,96.0
2014-2015,5590,John H. Webster School,Elementary,93.59999999999999
2014-2015,5600,Kensington Urban Education Academy,High,81.7
2014-2015,5680,Honorable Luis Munoz-Marin School,Elementary-Middle,94.09999999999999
2014-2015,6010,Central High School,High,97.4
2014-2015,6030,Roxborough High School,High,90.4
2014-2015,6040,Walter B. Saul High School,High,95.09999999999999
2014-2015,6050,Philadelphia High School for Girls,High,94.9
2014-2015,6060,Martin Luther King High School,High,82.40000000000001
2014-2015,6090,A. Philip Randolph Career and Technical High School,High,90.8
2014-2015,6100,Morris E. Leeds School,Middle,93.3
2014-2015,6200,Anna B. Day School,Elementary-Middle,97.0
2014-2015,6210,Franklin S. Edmonds School,Elementary,96.3
2014-2015,6220,Eleanor C. Emlen School,Elementary,95.09999999999999
2014-2015,6230,Fitler Academics Plus School,Elementary-Middle,95.9
2014-2015,6250,Charles W. Henry School,Elementary-Middle,97.2
2014-2015,6260,Henry H. Houston School,Elementary-Middle,94.7
2014-2015,6270,John Story Jenks Academy for Arts and Sciences,Elementary-Middle,96.59999999999999
2014-2015,6300,James Logan School,Elementary,94.5
2014-2015,6310,John F. McCloskey School,Elementary-Middle,97.0
2014-2015,6320,Thomas Mifflin School,Elementary-Middle,95.09999999999999
2014-2015,6340,Joseph Pennell School,Elementary,93.09999999999999
2014-2015,6350,Samuel Pennypacker School,Elementary,94.2
2014-2015,6360,Theodore Roosevelt School,Elementary-Middle,92.0
2014-2015,6380,Shawmont School,Elementary-Middle,96.59999999999999
2014-2015,6390,Edward T. Steel School,Elementary-Middle,93.9
2014-2015,6410,Cook-Wissahickon School,Elementary-Middle,96.3
2014-2015,6430,John Wister School,Elementary,94.09999999999999
2014-2015,6440,Anna L. Lingelbach School,Elementary-Middle,96.2
2014-2015,6450,James Dobson School,Elementary-Middle,96.09999999999999
2014-2015,6460,Hill-Freedman World Academy,Middle-High,97.0
2014-2015,6470,John B. Kelly School,Elementary,94.3
2014-2015,6480,Academy for the Middle Years at Northwest,Middle,97.8
2014-2015,6540,Lankenau High School,High,94.09999999999999
2014-2015,7010,Frankford High School,High,84.40000000000001
2014-2015,7100,Jay Cooke School,Elementary-Middle,93.9
2014-2015,7110,Warren G. Harding School,Middle,92.3
2014-2015,7120,Samuel Fels High School,High,87.09999999999999
2014-2015,7130,General Louis Wagner School,Middle,91.8
2014-2015,7150,Juniata Park Academy,Elementary-Middle,96.09999999999999
2014-2015,7200,Clara Barton School,Elementary,94.9
2014-2015,7220,Laura H. Carnell School,Elementary,94.9
2014-2015,7260,Ellwood School,Elementary,95.4
2014-2015,7270,Thomas K. Finletter School,Elementary-Middle,95.59999999999999
2014-2015,7280,Benjamin Franklin School,Elementary-Middle,95.4
2014-2015,7290,Allen M. Stearne School,Elementary-Middle,93.3
2014-2015,7300,Francis Hopkinson School,Elementary-Middle,95.09999999999999
2014-2015,7310,Feltonville Intermediate School,Elementary,95.3
2014-2015,7320,Julia W. Howe School,Elementary,95.09999999999999
2014-2015,7330,Henry W. Lawton School,Elementary,93.7
2014-2015,7350,James R. Lowell School,Elementary,95.3
2014-2015,7360,John Marshall School,Elementary,93.8
2014-2015,7370,"Grover Washington, Jr. School",Middle,94.09999999999999
2014-2015,7380,Alexander K. McClure School,Elementary,95.8
2014-2015,7390,Andrew J. Morrison School,Elementary-Middle,94.4
2014-2015,7400,Olney School,Elementary-Middle,95.5
2014-2015,7430,James J. Sullivan School,Elementary,93.7
2014-2015,7440,Bayard Taylor School,Elementary,95.0
2014-2015,7460,William H. Ziegler School,Elementary-Middle,95.5
2014-2015,7470,Bridesburg School,Elementary-Middle,95.7
2014-2015,7490,Prince Hall School,Elementary,95.2
2014-2015,7500,Feltonville School of Arts and Sciences,Middle,92.5
2014-2015,7510,Mary M. Bethune School,Elementary-Middle,93.4
2014-2015,7530,William Rowen School,Elementary,95.59999999999999
2014-2015,7730,Roberto Clemente School,Middle,92.3
2014-2015,8010,Abraham Lincoln High School,High,86.59999999999999
2014-2015,8020,Northeast High School,High,91.4
2014-2015,8030,George Washington High School,High,90.8
2014-2015,8040,Arts Academy at Benjamin Rush,High,96.2
2014-2015,8090,Swenson Arts and Technology High School,High,95.3
2014-2015,8120,Woodrow Wilson School,Middle,96.3
2014-2015,8140,Austin Meehan School,Middle,94.5
2014-2015,8160,Baldi School,Middle,96.0
2014-2015,8180,John Hancock Demonstration School,Elementary,95.9
2014-2015,8200,Ethan Allen School,Elementary-Middle,94.5
2014-2015,8210,Joseph H. Brown School,Elementary,94.5
2014-2015,8230,Kennedy C. Crossan School,Elementary,96.3
2014-2015,8240,Hamilton Disston School,Elementary-Middle,94.5
2014-2015,8250,Edwin Forrest School,Elementary,93.8
2014-2015,8260,Fox Chase School,Elementary,96.59999999999999
2014-2015,8270,Thomas Holme School,Elementary,94.59999999999999
2014-2015,8300,Mayfair School,Elementary-Middle,96.0
2014-2015,8310,J. Hampton Moore School,Elementary,96.5
2014-2015,8320,General J. Harry LaBrum School,Middle,94.0
2014-2015,8340,Solomon Solis-Cohen School,Elementary,95.7
2014-2015,8350,Gilbert Spruance School,Elementary-Middle,96.2
2014-2015,8360,Rhawnhurst School,Elementary,97.0
2014-2015,8370,Watson Comly School,Elementary,96.59999999999999
2014-2015,8380,Louis H. Farrell School,Elementary-Middle,96.5
2014-2015,8390,A.L. Fitzpatrick School,Elementary-Middle,94.8
2014-2015,8400,Anne Frank School,Elementary,96.2
2014-2015,8410,Robert B. Pollock School,Elementary,95.9
2014-2015,8420,Stephen Decatur School,Elementary-Middle,95.09999999999999
2014-2015,8430,Joseph Greenberg School,Elementary-Middle,97.7
2014-2015,8440,William H. Loesche School,Elementary,95.5
2014-2015,8560,The Workshop School,High,93.8
2014-2015,2680,The Science Leadership Academy at Beeber,High,96.3
2014-2015,5610,Building 21,High,90.3
2014-2015,5620,The U School,High,87.7
2014-2015,5660,The LINC,High,92.3
2015-2016,1010,John Bartram High School,High,80.3
2015-2016,1020,West Philadelphia High School,High,83.90000000000001
2015-2016,1030,High School of the Future,High,94.09999999999999
2015-2016,1050,Paul Robeson High School for Human Services,High,95.5
2015-2016,1100,William L. Sayre High School,High,83.3
2015-2016,1130,William T. Tilden School,Middle,80.3
2015-2016,1190,Motivation High School,High,94.8
2015-2016,1200,John Barry School,Elementary-Middle,92.09999999999999
2015-2016,1230,William C. Bryant School,Elementary-Middle,91.9
2015-2016,1250,Joseph W. Catharine School,Elementary,95.2
2015-2016,1260,Benjamin B. Comegys School,Elementary-Middle,93.59999999999999
2015-2016,1280,Sadie Alexander School,Elementary-Middle,97.3
2015-2016,1290,Andrew Hamilton School,Elementary-Middle,94.7
2015-2016,1300,Avery D. Harrington School,Elementary-Middle,94.09999999999999
2015-2016,1330,Samuel B. Huey School,Elementary-Middle,92.3
2015-2016,1340,Henry C. Lea School,Elementary-Middle,94.3
2015-2016,1350,William C. Longstreth School,Elementary-Middle,91.59999999999999
2015-2016,1360,Morton McMichael School,Elementary-Middle,92.09999999999999
2015-2016,1370,S. Weir Mitchell School,Elementary-Middle,93.4
2015-2016,1380,Thomas G. Morton School,Elementary,95.4
2015-2016,1390,Samuel Powel School,Elementary,97.3
2015-2016,1400,John M. Patterson School,Elementary,95.59999999999999
2015-2016,1410,James Rhoads School,Elementary-Middle,89.9
2015-2016,1420,Martha Washington School,Elementary-Middle,93.4
2015-2016,1440,Penrose School,Elementary-Middle,93.8
2015-2016,1460,Add B. Anderson School,Elementary-Middle,94.3
2015-2016,1470,Alain Locke School,Elementary-Middle,92.0
2015-2016,1490,Rudolph Blankenburg School,Elementary-Middle,92.9
2015-2016,1580,Middle Years Alternative School,Middle,94.9
2015-2016,2000,South Philadelphia High School,High,80.40000000000001
2015-2016,2010,Benjamin Franklin High School,High,80.40000000000001
2015-2016,2020,High School for Creative and Performing Arts School,High,93.59999999999999
2015-2016,2140,Julia R. Masterman School,Middle-High,98.5
2015-2016,2160,Furness High School,High,88.5
2015-2016,2190,D. Newlin Fell School,Elementary-Middle,95.0
2015-2016,2210,Bache-Martin School,Elementary-Middle,95.09999999999999
2015-2016,2240,F. Amedee Bregy School,Elementary-Middle,91.3
2015-2016,2260,George W. Childs School,Elementary-Middle,95.3
2015-2016,2290,Franklin Learning Center,High,94.4
2015-2016,2320,Stephen Girard School,Elementary,94.7
2015-2016,2340,General George A. McCall School,Elementary-Middle,98.09999999999999
2015-2016,2370,Delaplaine McDaniel School,Elementary-Middle,91.7
2015-2016,2380,William M. Meredith School,Elementary-Middle,97.4
2015-2016,2390,Robert Morris School,Elementary-Middle,93.09999999999999
2015-2016,2410,Girard Academic Music Program,Middle-High,97.0
2015-2016,2450,Edwin M. Stanton School,Elementary-Middle,96.7
2015-2016,2470,Albert M. Greenfield School,Elementary-Middle,96.5
2015-2016,2480,Chester A. Arthur School,Elementary-Middle,95.59999999999999
2015-2016,2490,Laura W. Waring School,Elementary-Middle,93.8
2015-2016,2510,Andrew Jackson School,Elementary-Middle,97.3
2015-2016,2520,Abram S. Jenks School,Elementary,96.5
2015-2016,2540,Francis S. Key School,Elementary,97.5
2015-2016,2580,Eliza B. Kirkbride School,Elementary-Middle,98.2
2015-2016,2590,George W. Nebinger School,Elementary-Middle,95.4
2015-2016,2620,Academy at Palumbo,High,97.4
2015-2016,2630,George W. Sharswood School,Elementary-Middle,95.0
2015-2016,2640,Southwark School,Elementary-Middle,95.9
2015-2016,2650,Science Leadership Academy,High,97.3
2015-2016,2670,Constitution High School,High,95.8
2015-2016,2690,John H. Taggart School,Elementary-Middle,95.0
2015-2016,2720,Vare-Washington School,Elementary-Middle,96.2
2015-2016,4020,Overbrook High School,High,85
2015-2016,4030,High School of Engineering and Science,Middle-High,97.90000000000001
2015-2016,4060,Murrell Dobbins Career and Technical High School,High,90.5
2015-2016,4100,Dimner Beeber School,Middle,89.0
2015-2016,4140,Strawberry Mansion High School,High,78
2015-2016,4220,James G. Blaine School,Elementary-Middle,94.09999999999999
2015-2016,4240,Lewis C. Cassidy Academics Plus School,Elementary,93.4
2015-2016,4270,William Dick School,Elementary-Middle,93.59999999999999
2015-2016,4280,Samuel Gompers School,Elementary,93.5
2015-2016,4300,Edward Heston School,Elementary-Middle,93.0
2015-2016,4320,Robert E. Lamberton School,Elementary-Middle,93.8
2015-2016,4350,E. Washington Rhodes School,Elementary-Middle,91.0
2015-2016,4370,Overbrook School,Elementary,95.9
2015-2016,4380,Thomas M. Peirce School,Elementary,94.4
2015-2016,4440,Dr. Ethel Allen School,Elementary-Middle,92.8
2015-2016,4460,Tanner G. Duckrey School,Elementary-Middle,90.0
2015-2016,4470,Richard R. Wright School,Elementary,93.8
2015-2016,4480,Overbrook Educational Center,Elementary-Middle,95.7
2015-2016,4530,Edward Gideon School,Elementary-Middle,94.3
2015-2016,4560,William D. Kelley School,Elementary-Middle,91.3
2015-2016,4570,General George G. Meade School,Elementary-Middle,92.09999999999999
2015-2016,5020,Thomas A. Edison High School,High,83.09999999999999
2015-2016,5050,Philadelphia Military Academy,High,95.09999999999999
2015-2016,5060,Jules E. Mastbaum Area Vocational Technical High School,High,92.5
2015-2016,5070,Parkway Northwest High School,High,95.0
2015-2016,5080,Parkway Center City High School,High,96.5
2015-2016,5090,Parkway West High School,High,93.8
2015-2016,5150,William W. Bodine High School,High,96.2
2015-2016,5160,Penn Treaty High School,Middle-High,87.5
2015-2016,5170,Julia de Burgos School,Elementary-Middle,93.4
2015-2016,5200,Alexander Adaire School,Elementary-Middle,96.40000000000001
2015-2016,5210,Henry A. Brown School,Elementary-Middle,95.2
2015-2016,5230,Russell H. Conwell School,Middle,94.9
2015-2016,5250,Paul L. Dunbar School,Elementary-Middle,94.4
2015-2016,5260,Lewis Elkin School,Elementary,93.0
2015-2016,5300,Horatio B. Hackett School,Elementary,94.09999999999999
2015-2016,5320,John F. Hartranft School,Elementary-Middle,92.8
2015-2016,5330,William H. Hunter School,Elementary-Middle,93.7
2015-2016,5340,James R. Ludlow School,Elementary-Middle,94.9
2015-2016,5350,William McKinley School,Elementary-Middle,95.0
2015-2016,5370,John Moffet School,Elementary,97.3
2015-2016,5390,Potter-Thomas School,Elementary-Middle,94.5
2015-2016,5400,Richmond School,Elementary,93.2
2015-2016,5410,Isaac A. Sheppard School,Elementary,95.8
2015-2016,5420,John Welsh School,Elementary-Middle,95.7
2015-2016,5430,Alternative Middle Years at James Martin,Middle,93.9
2015-2016,5440,Frances E. Willard School,Elementary,94.5
2015-2016,5470,William Cramp School,Elementary,94.59999999999999
2015-2016,5480,General Philip Kearny School,Elementary-Middle,95.3
2015-2016,5490,Cayuga School,Elementary,95.0
2015-2016,5500,Thurgood Marshall School,Elementary-Middle,94.4
2015-2016,5510,"Kensington International Business, Finance, and Entrepreneurship High School",High,79.2
2015-2016,5520,Kensington High School for Creative and Performing Arts,High,86.7
2015-2016,5530,Philip H. Sheridan School,Elementary,94.3
2015-2016,5550,Kensington Health Sciences Academy,High,83.7
2015-2016,5560,Spring Garden School,Elementary-Middle,95.4
2015-2016,5590,John H. Webster School,Elementary,92.59999999999999
2015-2016,5600,Kensington Urban Education Academy,High,79.59999999999999
2015-2016,5680,Honorable Luis Munoz-Marin School,Elementary-Middle,94.09999999999999
2015-2016,6010,Central High School,High,97.8
2015-2016,6030,Roxborough High School,High,92.8
2015-2016,6040,Walter B. Saul High School,High,93.2
2015-2016,6050,Philadelphia High School for Girls,High,94.5
2015-2016,6060,Martin Luther King High School,High,75.59999999999999
2015-2016,6090,A. Philip Randolph Career and Technical High School,High,89.7
2015-2016,6200,Anna B. Day School,Elementary-Middle,95.2
2015-2016,6210,Franklin S. Edmonds School,Elementary,93.7
2015-2016,6220,Eleanor C. Emlen School,Elementary,95.2
2015-2016,6230,Fitler Academics Plus School,Elementary-Middle,91.3
2015-2016,6250,Charles W. Henry School,Elementary-Middle,95.59999999999999
2015-2016,6260,Henry H. Houston School,Elementary-Middle,93.4
2015-2016,6270,Jenks Academy for Arts and Sciences,Elementary-Middle,96.59999999999999
2015-2016,6300,James Logan School,Elementary,94.2
2015-2016,6310,John F. McCloskey School,Elementary-Middle,95.59999999999999
2015-2016,6320,Thomas Mifflin School,Elementary-Middle,93.7
2015-2016,6340,Joseph Pennell School,Elementary,94.7
2015-2016,6350,Samuel Pennypacker School,Elementary,94.5
2015-2016,6360,Theodore Roosevelt School,Elementary-Middle,89.2
2015-2016,6380,Shawmont School,Elementary-Middle,96.9
2015-2016,6390,Edward T. Steel School,Elementary-Middle,93.8
2015-2016,6410,Cook-Wissahickon School,Elementary-Middle,96.40000000000001
2015-2016,6430,John Wister School,Elementary,94.0
2015-2016,6440,Anna L. Lingelbach School,Elementary-Middle,95.09999999999999
2015-2016,6450,James Dobson School,Elementary-Middle,94.9
2015-2016,6460,Hill-Freedman World Academy,Middle-High,96.2
2015-2016,6470,John B. Kelly School,Elementary,93.8
2015-2016,6480,Academy for the Middle Years at Northwest,Middle,95.3
2015-2016,6540,Lankenau High School,High,95.0
2015-2016,7010,Frankford High School,High,83.90000000000001
2015-2016,7100,Jay Cooke School,Elementary-Middle,93.7
2015-2016,7110,Warren G. Harding School,Middle,89.2
2015-2016,7120,Samuel Fels High School,High,89.0
2015-2016,7130,General Louis Wagner School,Middle,91.09999999999999
2015-2016,7150,Juniata Park Academy,Elementary-Middle,96.5
2015-2016,7200,Clara Barton School,Elementary,95.3
2015-2016,7220,Laura H. Carnell School,Elementary,94.2
2015-2016,7260,Ellwood School,Elementary,95.3
2015-2016,7270,Thomas K. Finletter School,Elementary-Middle,91.8
2015-2016,7280,Benjamin Franklin School,Elementary-Middle,95.0
2015-2016,7290,Allen M. Stearne School,Elementary-Middle,93.0
2015-2016,7300,Francis Hopkinson School,Elementary-Middle,94.4
2015-2016,7310,Feltonville Intermediate School,Elementary,95.8
2015-2016,7320,Julia W. Howe School,Elementary,95.59999999999999
2015-2016,7330,Henry W. Lawton School,Elementary,94.09999999999999
2015-2016,7350,James R. Lowell School,Elementary,95.7
2015-2016,7360,John Marshall School,Elementary,91.5
2015-2016,7370,"Grover Washington, Jr. School",Middle,93.09999999999999
2015-2016,7380,Alexander K. McClure School,Elementary,94.59999999999999
2015-2016,7390,Andrew J. Morrison School,Elementary-Middle,94.09999999999999
2015-2016,7400,Olney School,Elementary-Middle,95.59999999999999
2015-2016,7430,James J. Sullivan School,Elementary,94.3
2015-2016,7440,Bayard Taylor School,Elementary,94.8
2015-2016,7460,William H. Ziegler School,Elementary-Middle,95.9
2015-2016,7470,Bridesburg School,Elementary-Middle,93.9
2015-2016,7490,Prince Hall School,Elementary,95.3
2015-2016,7500,Feltonville School of Arts and Sciences,Middle,92.5
2015-2016,7510,Mary M. Bethune School,Elementary-Middle,86.8
2015-2016,7530,William Rowen School,Elementary,95.09999999999999
2015-2016,7730,Roberto Clemente School,Middle,93.2
2015-2016,8010,Abraham Lincoln High School,High,79.90000000000001
2015-2016,8020,Northeast High School,High,92.8
2015-2016,8030,George Washington High School,High,88.9
2015-2016,8040,Arts Academy at Benjamin Rush,High,96.2
2015-2016,8090,Swenson Arts and Technology High School,High,96.3
2015-2016,8120,Woodrow Wilson School,Middle,96.40000000000001
2015-2016,8140,Austin Meehan School,Middle,94.2
2015-2016,8160,Baldi School,Middle,96.5
2015-2016,8200,Ethan Allen School,Elementary-Middle,91.2
2015-2016,8210,Joseph H. Brown School,Elementary,95.2
2015-2016,8230,Kennedy C. Crossan School,Elementary,97.4
2015-2016,8240,Hamilton Disston School,Elementary-Middle,93.5
2015-2016,8250,Edwin Forrest School,Elementary,92.8
2015-2016,8260,Fox Chase School,Elementary,96.9
2015-2016,8270,Thomas Holme School,Elementary,95.0
2015-2016,8300,Mayfair School,Elementary-Middle,96.0
2015-2016,8310,J. Hampton Moore School,Elementary,96.40000000000001
2015-2016,8340,Solomon Solis-Cohen School,Elementary,95.2
2015-2016,8350,Gilbert Spruance School,Elementary-Middle,95.9
2015-2016,8360,Rhawnhurst School,Elementary,97.09999999999999
2015-2016,8370,Watson Comly School,Elementary,96.2
2015-2016,8380,Louis H. Farrell School,Elementary-Middle,97.8
2015-2016,8390,A.L. Fitzpatrick School,Elementary-Middle,94.0
2015-2016,8400,Anne Frank School,Elementary,97.2
2015-2016,8410,Robert B. Pollock School,Elementary,95.4
2015-2016,8420,Stephen Decatur School,Elementary-Middle,95.3
2015-2016,8430,Joseph Greenberg School,Elementary-Middle,97.4
2015-2016,8440,William H. Loesche School,Elementary,95.4
2015-2016,8560,The Workshop School,High,90.4
2015-2016,2680,The Science Leadership Academy at Beeber,High,96.9
2015-2016,5610,Building 21,High,88.4
2015-2016,5620,The U School,High,83.2
2015-2016,5660,The LINC,High,91.0
2015-2016,6400,Widener Memorial School,Elementary-Middle-High,84.59999999999999
2015-2016,8780,Philadelphia Virtual Academy,Middle-High,100.0
2016-2017,1010,John Bartram High School,High,75
2016-2017,1020,West Philadelphia High School,High,77.40000000000001
2016-2017,1030,High School of the Future,High,88.7
2016-2017,1050,Paul Robeson High School for Human Services,High,91.2
2016-2017,1100,William L. Sayre High School,High,74.5
2016-2017,1130,William T. Tilden School,Middle,88.7
2016-2017,1190,Motivation High School,High,90.0
2016-2017,1200,John Barry School,Elementary-Middle,87.5
2016-2017,1230,William C. Bryant School,Elementary-Middle,89.09999999999999
2016-2017,1250,Joseph W. Catharine School,Elementary,92.09999999999999
2016-2017,1260,Benjamin B. Comegys School,Elementary-Middle,90.09999999999999
2016-2017,1280,Sadie Alexander School,Elementary-Middle,96.8
2016-2017,1290,Andrew Hamilton School,Elementary-Middle,90.3
2016-2017,1300,Avery D. Harrington School,Elementary-Middle,91.3
2016-2017,1340,Henry C. Lea School,Elementary-Middle,90.59999999999999
2016-2017,1350,William C. Longstreth School,Elementary-Middle,89.9
2016-2017,1360,Morton McMichael School,Elementary-Middle,89.3
2016-2017,1370,S. Weir Mitchell School,Elementary-Middle,89.9
2016-2017,1380,Thomas G. Morton School,Elementary,91.2
2016-2017,1390,Samuel Powel School,Elementary,94.59999999999999
2016-2017,1400,John M. Patterson School,Elementary,91.59999999999999
2016-2017,1410,James Rhoads School,Elementary-Middle,88.2
2016-2017,1420,Martha Washington School,Elementary-Middle,90.2
2016-2017,1440,Penrose School,Elementary-Middle,91.09999999999999
2016-2017,1460,Add B. Anderson School,Elementary-Middle,91.4
2016-2017,1470,Alain Locke School,Elementary-Middle,88.09999999999999
2016-2017,1490,Rudolph Blankenburg School,Elementary-Middle,86.7
2016-2017,1580,Middle Years Alternative School,Middle,92.4
2016-2017,2000,South Philadelphia High School,High,80.7
2016-2017,2010,Benjamin Franklin High School,High,74.59999999999999
2016-2017,2020,High School for Creative and Performing Arts School,High,92.2
2016-2017,2140,Julia R. Masterman School,Middle-High,97.8
2016-2017,2160,Furness High School,High,84.9
2016-2017,2190,D. Newlin Fell School,Elementary-Middle,93.59999999999999
2016-2017,2210,Bache-Martin School,Elementary-Middle,92.0
2016-2017,2240,F. Amedee Bregy School,Elementary-Middle,89.8
2016-2017,2260,George W. Childs School,Elementary-Middle,92.8
2016-2017,2290,Franklin Learning Center,High,89.8
2016-2017,2320,Stephen Girard School,Elementary,90.4
2016-2017,2340,General George A. McCall School,Elementary-Middle,97.2
2016-2017,2370,Delaplaine McDaniel School,Elementary-Middle,88.8
2016-2017,2380,William M. Meredith School,Elementary-Middle,96.40000000000001
2016-2017,2390,Robert Morris School,Elementary-Middle,91.7
2016-2017,2410,Girard Academic Music Program,Middle-High,95.9
2016-2017,2450,Edwin M. Stanton School,Elementary-Middle,93.2
2016-2017,2470,Albert M. Greenfield School,Elementary-Middle,96.2
2016-2017,2480,Chester A. Arthur School,Elementary-Middle,93.5
2016-2017,2490,Laura W. Waring School,Elementary-Middle,90.2
2016-2017,2510,Andrew Jackson School,Elementary-Middle,95.0
2016-2017,2520,Abram S. Jenks School,Elementary,95.8
2016-2017,2540,Francis S. Key School,Elementary,93.8
2016-2017,2580,Eliza B. Kirkbride School,Elementary-Middle,96.09999999999999
2016-2017,2590,George W. Nebinger School,Elementary-Middle,93.8
2016-2017,2620,Academy at Palumbo,High,93.9
2016-2017,2630,George W. Sharswood School,Elementary-Middle,92.2
2016-2017,2640,Southwark School,Elementary-Middle,93.59999999999999
2016-2017,2650,Science Leadership Academy,High,94.5
2016-2017,2670,Constitution High School,High,90.0
2016-2017,2690,John H. Taggart School,Elementary-Middle,94.4
2016-2017,2720,Vare-Washington School,Elementary-Middle,93.9
2016-2017,4020,Overbrook High School,High,72.40000000000001
2016-2017,4030,High School of Engineering and Science,Middle-High,94.9
2016-2017,4060,Murrell Dobbins Career and Technical High School,High,82.2
2016-2017,4100,Dimner Beeber School,Middle,88.5
2016-2017,4140,Strawberry Mansion High School,High,74.40000000000001
2016-2017,4220,James G. Blaine School,Elementary-Middle,89.09999999999999
2016-2017,4240,Lewis C. Cassidy Academics Plus School,Elementary-Middle,91.0
2016-2017,4270,William Dick School,Elementary-Middle,91.4
2016-2017,4280,Samuel Gompers School,Elementary-Middle,92.4
2016-2017,4300,Edward Heston School,Elementary-Middle,87.2
2016-2017,4320,Robert E. Lamberton School,Elementary-Middle,88.5
2016-2017,4350,E. Washington Rhodes School,Elementary-Middle,86.59999999999999
2016-2017,4370,Overbrook School,Elementary-Middle,92.2
2016-2017,4380,Thomas M. Peirce School,Elementary,89.59999999999999
2016-2017,4440,Dr. Ethel Allen School,Elementary-Middle,89.7
2016-2017,4460,Tanner G. Duckrey School,Elementary-Middle,86.2
2016-2017,4470,Richard R. Wright School,Elementary,90.4
2016-2017,4480,Overbrook Educational Center,Elementary-Middle,94.59999999999999
2016-2017,4530,Edward Gideon School,Elementary-Middle,90.2
2016-2017,4560,William D. Kelley School,Elementary-Middle,90.4
2016-2017,4570,General George G. Meade School,Elementary-Middle,88.2
2016-2017,5020,Thomas A. Edison High School,High,75.5
2016-2017,5050,Philadelphia Military Academy,High,90.8
2016-2017,5060,Jules E. Mastbaum Area Vocational Technical High School,High,85.3
2016-2017,5070,Parkway Northwest High School,High,90.3
2016-2017,5080,Parkway Center City High School,High,90.2
2016-2017,5090,Parkway West High School,High,88.09999999999999
2016-2017,5150,William W. Bodine High School,High,91.9
2016-2017,5160,Penn Treaty High School,Middle-High,82.5
2016-2017,5170,Julia de Burgos School,Elementary-Middle,90.2
2016-2017,5200,Alexander Adaire School,Elementary-Middle,95.2
2016-2017,5210,Henry A. Brown School,Elementary-Middle,92.9
2016-2017,5230,Russell H. Conwell School,Middle,94.0
2016-2017,5250,Paul L. Dunbar School,Elementary-Middle,92.8
2016-2017,5260,Lewis Elkin School,Elementary,89.5
2016-2017,5300,Horatio B. Hackett School,Elementary,93.09999999999999
2016-2017,5320,John F. Hartranft School,Elementary-Middle,92.3
2016-2017,5330,William H. Hunter School,Elementary-Middle,90.5
2016-2017,5340,James R. Ludlow School,Elementary-Middle,92.3
2016-2017,5350,William McKinley School,Elementary-Middle,90.4
2016-2017,5370,John Moffet School,Elementary,93.2
2016-2017,5390,Potter-Thomas School,Elementary-Middle,90.2
2016-2017,5400,Richmond School,Elementary,90.7
2016-2017,5410,Isaac A. Sheppard School,Elementary,93.2
2016-2017,5420,John Welsh School,Elementary-Middle,92.4
2016-2017,5430,Alternative Middle Years at James Martin,Middle,91.4
2016-2017,5440,Frances E. Willard School,Elementary,90.09999999999999
2016-2017,5470,William Cramp School,Elementary,91.9
2016-2017,5480,General Philip Kearny School,Elementary-Middle,91.9
2016-2017,5490,Cayuga School,Elementary,90.4
2016-2017,5500,Thurgood Marshall School,Elementary-Middle,91.5
2016-2017,5520,Kensington High School for Creative and Performing Arts,High,81.8
2016-2017,5530,Philip H. Sheridan School,Elementary,91.09999999999999
2016-2017,5550,Kensington Health Sciences Academy,High,80.59999999999999
2016-2017,5560,Spring Garden School,Elementary-Middle,92.9
2016-2017,5590,John H. Webster School,Elementary,89.9
2016-2017,5680,Honorable Luis Munoz-Marin School,Elementary-Middle,89.5
2016-2017,6010,Central High School,High,95.8
2016-2017,6030,Roxborough High School,High,86.2
2016-2017,6040,Walter B. Saul High School,High,89.2
2016-2017,6050,Philadelphia High School for Girls,High,91.4
2016-2017,6060,Martin Luther King High School,High,73.90000000000001
2016-2017,6090,A. Philip Randolph Career and Technical High School,High,81.90000000000001
2016-2017,6200,Anna B. Day School,Elementary-Middle,91.2
2016-2017,6210,Franklin S. Edmonds School,Elementary,93.3
2016-2017,6220,Eleanor C. Emlen School,Elementary,92.2
2016-2017,6230,Fitler Academics Plus School,Elementary-Middle,93.4
2016-2017,6250,Charles W. Henry School,Elementary-Middle,93.7
2016-2017,6260,Henry H. Houston School,Elementary-Middle,93.4
2016-2017,6270,Jenks Academy for Arts and Sciences,Elementary-Middle,95.2
2016-2017,6300,James Logan School,Elementary,90.7
2016-2017,6310,John F. McCloskey School,Elementary-Middle,91.8
2016-2017,6320,Thomas Mifflin School,Elementary-Middle,92.5
2016-2017,6340,Joseph Pennell School,Elementary,91.4
2016-2017,6350,Samuel Pennypacker School,Elementary,89.5
2016-2017,6360,Theodore Roosevelt School,Elementary-Middle,84.09999999999999
2016-2017,6380,Shawmont School,Elementary-Middle,94.3
2016-2017,6390,Edward T. Steel School,Elementary-Middle,87.40000000000001
2016-2017,6410,Cook-Wissahickon School,Elementary-Middle,93.4
2016-2017,6440,Anna L. Lingelbach School,Elementary-Middle,93.9
2016-2017,6450,James Dobson School,Elementary-Middle,94.4
2016-2017,6460,Hill-Freedman World Academy,Middle-High,92.0
2016-2017,6470,John B. Kelly School,Elementary,90.7
2016-2017,6480,Academy for the Middle Years at Northwest,Middle,93.59999999999999
2016-2017,6540,Lankenau High School,High,91.9
2016-2017,7010,Frankford High School,High,78.09999999999999
2016-2017,7100,Jay Cooke School,Elementary-Middle,91.09999999999999
2016-2017,7110,Warren G. Harding School,Middle,88.2
2016-2017,7120,Samuel Fels High School,High,83
2016-2017,7130,General Louis Wagner School,Middle,88.09999999999999
2016-2017,7150,Juniata Park Academy,Elementary-Middle,93.3
2016-2017,7200,Clara Barton School,Elementary,91.5
2016-2017,7220,Laura H. Carnell School,Elementary,91.59999999999999
2016-2017,7260,Ellwood School,Elementary,92.2
2016-2017,7270,Thomas K. Finletter School,Elementary-Middle,93.59999999999999
2016-2017,7280,Benjamin Franklin School,Elementary-Middle,93.3
2016-2017,7290,Allen M. Stearne School,Elementary-Middle,90.3
2016-2017,7300,Francis Hopkinson School,Elementary-Middle,90.59999999999999
2016-2017,7310,Feltonville Intermediate School,Elementary,93.0
2016-2017,7320,Julia W. Howe School,Elementary,91.59999999999999
2016-2017,7330,Henry W. Lawton School,Elementary,91.0
2016-2017,7350,James R. Lowell School,Elementary,92.2
2016-2017,7360,John Marshall School,Elementary,86.3
2016-2017,7370,"Grover Washington, Jr. School",Middle,91.2
2016-2017,7380,Alexander K. McClure School,Elementary,92.3
2016-2017,7390,Andrew J. Morrison School,Elementary-Middle,91.3
2016-2017,7400,Olney School,Elementary-Middle,92.9
2016-2017,7430,James J. Sullivan School,Elementary,89.59999999999999
2016-2017,7440,Bayard Taylor School,Elementary,90.09999999999999
2016-2017,7460,William H. Ziegler School,Elementary-Middle,92.4
2016-2017,7470,Bridesburg School,Elementary-Middle,91.59999999999999
2016-2017,7490,Prince Hall School,Elementary,92.0
2016-2017,7500,Feltonville School of Arts and Sciences,Middle,92.09999999999999
2016-2017,7510,Mary M. Bethune School,Elementary-Middle,87.5
2016-2017,7530,William Rowen School,Elementary,92.59999999999999
2016-2017,7730,Roberto Clemente School,Middle,82.3
2016-2017,8010,Abraham Lincoln High School,High,79
2016-2017,8020,Northeast High School,High,86.8
2016-2017,8030,George Washington High School,High,85.5
2016-2017,8040,Arts Academy at Benjamin Rush,High,93.7
2016-2017,8090,Swenson Arts and Technology High School,High,90.90000000000001
2016-2017,8120,Woodrow Wilson School,Middle,93.3
2016-2017,8140,Austin Meehan School,Middle,89.59999999999999
2016-2017,8160,Baldi School,Middle,94.0
2016-2017,8200,Ethan Allen School,Elementary-Middle,91.59999999999999
2016-2017,8210,Joseph H. Brown School,Elementary,92.0
2016-2017,8230,Kennedy C. Crossan School,Elementary,95.09999999999999
2016-2017,8240,Hamilton Disston School,Elementary-Middle,89.2
2016-2017,8250,Edwin Forrest School,Elementary,92.5
2016-2017,8260,Fox Chase School,Elementary,94.0
2016-2017,8270,Thomas Holme School,Elementary,93.5
2016-2017,8300,Mayfair School,Elementary-Middle,94.0
2016-2017,8310,J. Hampton Moore School,Elementary,94.3
2016-2017,8340,Solomon Solis-Cohen School,Elementary,93.4
2016-2017,8350,Gilbert Spruance School,Elementary-Middle,92.4
2016-2017,8360,Rhawnhurst School,Elementary,95.4
2016-2017,8370,Watson Comly School,Elementary,94.59999999999999
2016-2017,8380,Louis H. Farrell School,Elementary-Middle,95.4
2016-2017,8390,A.L. Fitzpatrick School,Elementary-Middle,92.2
2016-2017,8400,Anne Frank School,Elementary,95.09999999999999
2016-2017,8410,Robert B. Pollock School,Elementary,92.9
2016-2017,8420,Stephen Decatur School,Elementary-Middle,94.0
2016-2017,8430,Joseph Greenberg School,Elementary-Middle,96.59999999999999
2016-2017,8440,William H. Loesche School,Elementary,93.8
2016-2017,8560,The Workshop School,High,90.0
2016-2017,2680,The Science Leadership Academy at Beeber,High,91.7
2016-2017,5610,Building 21,High,80.40000000000001
2016-2017,5620,The U School,High,77.59999999999999
2016-2017,5660,The LINC,High,84.3
2016-2017,6400,Widener Memorial School,Elementary-Middle-High,82.3
2016-2017,8780,Philadelphia Virtual Academy,Middle-High,100.0
2016-2017,2050,Science Leadership Academy Middle School,Middle,95.59999999999999
2016-2017,4360,Kenderton Elementary School,Elementary-Middle,88.59999999999999
2016-2017,5700,Kensington High School,High,73.7
2016-2017,8770,John Hancock Demonstration School,Elementary-Middle,94.09999999999999
2017-2018,1010,John Bartram High School,High,84.09999999999999
2017-2018,1020,West Philadelphia High School,High,80.3
2017-2018,1030,High School of the Future,High,92.59999999999999
2017-2018,1050,Paul Robeson High School for Human Services,High,92.4
2017-2018,1100,William L. Sayre High School,High,76.2
2017-2018,1130,William T. Tilden School,Middle,92.3
2017-2018,1190,Motivation High School,High,95.3
2017-2018,1200,John Barry School,Elementary-Middle,88.5
2017-2018,1230,William C. Bryant School,Elementary-Middle,91.0
2017-2018,1250,Joseph W. Catharine School,Elementary,92.5
2017-2018,1260,Benjamin B. Comegys School,Elementary-Middle,90.59999999999999
2017-2018,1280,Sadie Alexander School,Elementary-Middle,96.9
2017-2018,1290,Andrew Hamilton School,Elementary-Middle,90.3
2017-2018,1300,Avery D. Harrington School,Elementary-Middle,87.5
2017-2018,1340,Henry C. Lea School,Elementary-Middle,91.7
2017-2018,1350,William C. Longstreth School,Elementary-Middle,91.0
2017-2018,1360,Morton McMichael School,Elementary-Middle,91.8
2017-2018,1370,S. Weir Mitchell School,Elementary-Middle,90.90000000000001
2017-2018,1380,Thomas G. Morton School,Elementary,91.3
2017-2018,1390,Samuel Powel School,Elementary,94.8
2017-2018,1400,John M. Patterson School,Elementary,93.0
2017-2018,1410,James Rhoads School,Elementary-Middle,88.59999999999999
2017-2018,1420,Martha Washington School,Elementary-Middle,91.7
2017-2018,1440,Penrose School,Elementary-Middle,91.2
2017-2018,1460,Add B. Anderson School,Elementary-Middle,92.0
2017-2018,1470,Alain Locke School,Elementary-Middle,90.09999999999999
2017-2018,1490,Rudolph Blankenburg School,Elementary-Middle,87.40000000000001
2017-2018,1580,Middle Years Alternative School,Middle,95.2
2017-2018,2000,South Philadelphia High School,High,86.7
2017-2018,2010,Benjamin Franklin High School,High,80.9
2017-2018,2020,High School for Creative and Performing Arts,High,96.8
2017-2018,2140,Julia R. Masterman School,Middle-High,98.3
2017-2018,2160,Furness High School,High,87.0
2017-2018,2190,D. Newlin Fell School,Elementary-Middle,94.0
2017-2018,2210,Bache-Martin School,Elementary-Middle,92.59999999999999
2017-2018,2240,F. Amedee Bregy School,Elementary-Middle,91.59999999999999
2017-2018,2260,George W. Childs School,Elementary-Middle,93.0
2017-2018,2290,Franklin Learning Center,High,93.7
2017-2018,2320,Stephen Girard School,Elementary,90.4
2017-2018,2340,General George A. McCall School,Elementary-Middle,97.5
2017-2018,2370,Delaplaine McDaniel School,Elementary-Middle,91.3
2017-2018,2380,William M. Meredith School,Elementary-Middle,96.8
2017-2018,2390,Robert Morris School,Elementary-Middle,92.0
2017-2018,2410,Girard Academic Music Program,Middle-High,96.09999999999999
2017-2018,2450,Edwin M. Stanton School,Elementary-Middle,93.9
2017-2018,2470,Albert M. Greenfield School,Elementary-Middle,96.59999999999999
2017-2018,2480,Chester A. Arthur School,Elementary-Middle,93.5
2017-2018,2490,Laura W. Waring School,Elementary-Middle,91.5
2017-2018,2510,Andrew Jackson School,Elementary-Middle,95.09999999999999
2017-2018,2520,Abram S. Jenks School,Elementary,96.5
2017-2018,2540,Francis S. Key School,Elementary,94.7
2017-2018,2580,Eliza B. Kirkbride School,Elementary-Middle,96.5
2017-2018,2590,George W. Nebinger School,Elementary-Middle,94.9
2017-2018,2620,Academy at Palumbo,High,95.9
2017-2018,2630,George W. Sharswood School,Elementary-Middle,92.3
2017-2018,2640,Southwark School,Elementary-Middle,95.2
2017-2018,2650,Science Leadership Academy,High,96.0
2017-2018,2670,Constitution High School,High,94.4
2017-2018,2690,John H. Taggart School,Elementary-Middle,95.09999999999999
2017-2018,2720,Vare-Washington School,Elementary-Middle,94.0
2017-2018,4020,Overbrook High School,High,77.3
2017-2018,4030,High School of Engineering and Science,Middle-High,96.5
2017-2018,4060,Murrell Dobbins Career and Technical High School,High,87.40000000000001
2017-2018,4140,Strawberry Mansion High School,High,78.2
2017-2018,4220,James G. Blaine School,Elementary-Middle,90.3
2017-2018,4240,Lewis C. Cassidy Academics Plus School,Elementary-Middle,90.8
2017-2018,4270,William Dick School,Elementary-Middle,88.59999999999999
2017-2018,4280,Samuel Gompers School,Elementary-Middle,91.8
2017-2018,4300,Edward Heston School,Elementary-Middle,87.8
2017-2018,4320,Robert E. Lamberton School,Elementary-Middle,89.09999999999999
2017-2018,4350,E. Washington Rhodes School,Elementary-Middle,88.8
2017-2018,4370,Overbrook Elementary School,Elementary-Middle,92.09999999999999
2017-2018,4380,Thomas M. Peirce School,Elementary,89.3
2017-2018,4440,Dr. Ethel Allen School,Elementary-Middle,90.3
2017-2018,4460,Tanner G. Duckrey School,Elementary-Middle,86.8
2017-2018,4470,Richard R. Wright School,Elementary,90.90000000000001
2017-2018,4480,Overbrook Educational Center,Elementary-Middle,94.5
2017-2018,4530,Edward Gideon School,Elementary-Middle,88.5
2017-2018,4560,William D. Kelley School,Elementary-Middle,88.8
2017-2018,4570,General George G. Meade School,Elementary-Middle,86.9
2017-2018,5020,Thomas A. Edison High School,High,81.59999999999999
2017-2018,5050,Philadelphia Military Academy,High,91.7
2017-2018,5060,Jules E. Mastbaum Area Vocational Technical High School,High,88.59999999999999
2017-2018,5070,Parkway Northwest High School,High,93.5
2017-2018,5080,Parkway Center City Middle College High School,High,94.2
2017-2018,5090,Parkway West High School,High,92.8
2017-2018,5150,William W. Bodine High School,High,95.2
2017-2018,5160,Penn Treaty High School,Middle-High,91.09999999999999
2017-2018,5170,Julia de Burgos School,Elementary-Middle,89.4
2017-2018,5200,Alexander Adaire School,Elementary-Middle,96.09999999999999
2017-2018,5210,Henry A. Brown School,Elementary-Middle,92.0
2017-2018,5230,Russell H. Conwell School,Middle,93.9
2017-2018,5250,Paul L. Dunbar School,Elementary-Middle,92.9
2017-2018,5260,Lewis Elkin School,Elementary,89.59999999999999
2017-2018,5300,Horatio B. Hackett School,Elementary,92.7
2017-2018,5320,John F. Hartranft School,Elementary-Middle,92.0
2017-2018,5330,William H. Hunter School,Elementary-Middle,89.7
2017-2018,5340,James R. Ludlow School,Elementary-Middle,92.09999999999999
2017-2018,5350,William McKinley School,Elementary-Middle,91.4
2017-2018,5370,John Moffet School,Elementary,94.4
2017-2018,5390,Potter-Thomas School,Elementary-Middle,90.2
2017-2018,5400,Richmond School,Elementary,91.9
2017-2018,5410,Isaac A. Sheppard School,Elementary,90.09999999999999
2017-2018,5420,John Welsh School,Elementary-Middle,91.09999999999999
2017-2018,5430,Alternative Middle Years at James Martin,Middle,92.09999999999999
2017-2018,5440,Frances E. Willard School,Elementary,91.9
2017-2018,5470,William Cramp School,Elementary,91.7
2017-2018,5480,General Philip Kearny School,Elementary-Middle,92.0
2017-2018,5490,Cayuga School,Elementary,91.3
2017-2018,5500,Thurgood Marshall School,Elementary-Middle,91.0
2017-2018,5520,Kensington High School for Creative and Performing Arts,High,86.8
2017-2018,5530,Philip H. Sheridan School,Elementary,89.9
2017-2018,5550,Kensington Health Sciences Academy,High,85.40000000000001
2017-2018,5560,Spring Garden School,Elementary-Middle,92.4
2017-2018,5590,John H. Webster School,Elementary,91.4
2017-2018,5680,Honorable Luis Munoz-Marin School,Elementary-Middle,90.5
2017-2018,6010,Central High School,High,97.3
2017-2018,6030,Roxborough High School,High,88.0
2017-2018,6040,Walter B. Saul High School,High,94.2
2017-2018,6050,Philadelphia High School for Girls,High,94.5
2017-2018,6060,Martin Luther King High School,High,79.90000000000001
2017-2018,6090,A. Philip Randolph Career and Technical High School,High,90.3
2017-2018,6200,Anna B. Day School,Elementary-Middle,92.59999999999999
2017-2018,6210,Franklin S. Edmonds School,Elementary-Middle,93.59999999999999
2017-2018,6220,Eleanor C. Emlen School,Elementary,92.5
2017-2018,6230,Fitler Academics Plus School,Elementary-Middle,94.09999999999999
2017-2018,6250,Charles W. Henry School,Elementary-Middle,94.5
2017-2018,6260,Henry H. Houston School,Elementary-Middle,93.3
2017-2018,6270,Jenks Academy for Arts and Sciences,Elementary-Middle,95.7
2017-2018,6300,James Logan School,Elementary,91.2
2017-2018,6310,John F. McCloskey School,Elementary-Middle,91.09999999999999
2017-2018,6320,Thomas Mifflin School,Elementary-Middle,93.3
2017-2018,6340,Joseph Pennell School,Elementary,91.59999999999999
2017-2018,6350,Samuel Pennypacker School,Elementary-Middle,90.7
2017-2018,6360,Theodore Roosevelt School,Elementary-Middle,86.9
2017-2018,6380,Shawmont School,Elementary-Middle,94.5
2017-2018,6390,Edward T. Steel School,Elementary-Middle,86.8
2017-2018,6410,Cook-Wissahickon School,Elementary-Middle,94.3
2017-2018,6440,Anna L. Lingelbach School,Elementary-Middle,94.09999999999999
2017-2018,6450,James Dobson School,Elementary-Middle,93.9
2017-2018,6460,Hill-Freedman World Academy,Middle-High,95.8
2017-2018,6470,John B. Kelly School,Elementary,90.2
2017-2018,6480,Academy for the Middle Years at Northwest,Middle,95.5
2017-2018,6540,Lankenau High School,High,93.5
2017-2018,7010,Frankford High School,High,83.5
2017-2018,7100,Jay Cooke School,Elementary-Middle,89.59999999999999
2017-2018,7110,Warren G. Harding School,Middle,88.2
2017-2018,7120,Samuel Fels High School,High,87.0
2017-2018,7130,General Louis Wagner School,Middle,92.0
2017-2018,7150,Juniata Park Academy,Elementary-Middle,93.9
2017-2018,7200,Clara Barton School,Elementary,91.9
2017-2018,7220,Laura H. Carnell School,Elementary,90.90000000000001
2017-2018,7260,Ellwood School,Elementary,93.2
2017-2018,7270,Thomas K. Finletter School,Elementary-Middle,94.5
2017-2018,7280,Benjamin Franklin School,Elementary-Middle,97.09999999999999
2017-2018,7290,Allen M. Stearne School,Elementary-Middle,90.3
2017-2018,7300,Francis Hopkinson School,Elementary-Middle,91.8
2017-2018,7310,Feltonville Intermediate School,Elementary,93.5
2017-2018,7320,Julia W. Howe School,Elementary,93.59999999999999
2017-2018,7330,Henry W. Lawton School,Elementary,90.3
2017-2018,7350,James R. Lowell School,Elementary,92.59999999999999
2017-2018,7360,John Marshall School,Elementary,89.2
2017-2018,7370,"Grover Washington, Jr. School",Middle,93.9
2017-2018,7380,Alexander K. McClure School,Elementary,91.8
2017-2018,7390,Andrew J. Morrison School,Elementary-Middle,92.4
2017-2018,7400,Olney School,Elementary-Middle,94.0
2017-2018,7430,James J. Sullivan School,Elementary,90.0
2017-2018,7440,Bayard Taylor School,Elementary,88.5
2017-2018,7460,William H. Ziegler School,Elementary-Middle,92.09999999999999
2017-2018,7470,Bridesburg School,Elementary-Middle,92.59999999999999
2017-2018,7490,Prince Hall School,Elementary,92.8
2017-2018,7500,Feltonville School of Arts and Sciences,Middle,93.7
2017-2018,7510,Mary M. Bethune School,Elementary-Middle,89.0
2017-2018,7530,William Rowen School,Elementary,92.8
2017-2018,7730,Roberto Clemente School,Middle,89.2
2017-2018,8010,Abraham Lincoln High School,High,88.2
2017-2018,8020,Northeast High School,High,89.9
2017-2018,8030,George Washington High School,High,90.59999999999999
2017-2018,8040,Arts Academy at Benjamin Rush,High,95.7
2017-2018,8090,Swenson Arts and Technology High School,High,93.2
2017-2018,8120,Woodrow Wilson School,Middle,93.7
2017-2018,8140,Austin Meehan School,Middle,90.90000000000001
2017-2018,8160,Baldi School,Middle,94.4
2017-2018,8200,Ethan Allen School,Elementary-Middle,93.9
2017-2018,8210,Joseph H. Brown School,Elementary,92.3
2017-2018,8230,Kennedy C. Crossan School,Elementary,95.09999999999999
2017-2018,8240,Hamilton Disston School,Elementary-Middle,88.0
2017-2018,8250,Edwin Forrest School,Elementary,91.9
2017-2018,8260,Fox Chase School,Elementary,94.3
2017-2018,8270,Thomas Holme School,Elementary,93.7
2017-2018,8300,Mayfair School,Elementary-Middle,94.59999999999999
2017-2018,8310,J. Hampton Moore School,Elementary,94.3
2017-2018,8340,Solomon Solis-Cohen School,Elementary,93.8
2017-2018,8350,Gilbert Spruance School,Elementary-Middle,92.7
2017-2018,8360,Rhawnhurst School,Elementary,95.59999999999999
2017-2018,8370,Watson Comly School,Elementary,94.2
2017-2018,8380,Louis H. Farrell School,Elementary-Middle,95.7
2017-2018,8390,A.L. Fitzpatrick School,Elementary-Middle,92.8
2017-2018,8400,Anne Frank School,Elementary,95.7
2017-2018,8410,Robert B. Pollock School,Elementary,93.2
2017-2018,8420,Stephen Decatur School,Elementary-Middle,94.4
2017-2018,8430,Joseph Greenberg School,Elementary-Middle,96.9
2017-2018,8440,William H. Loesche School,Elementary,94.7
2017-2018,8560,The Workshop School,High,91.7
2017-2018,2680,The Science Leadership Academy at Beeber,High,96.0
2017-2018,5610,Building 21,High,86.0
2017-2018,5620,The U School,High,99.0
2017-2018,5660,The LINC,High,88.2
2017-2018,6400,Widener Memorial School,Elementary-Middle-High,77.5
2017-2018,8780,Philadelphia Virtual Academy,Middle-High,100.0
2017-2018,2050,Science Leadership Academy Middle School,Middle,96.3
2017-2018,4360,Kenderton Elementary School,Elementary-Middle,90.4
2017-2018,5700,Kensington High School,High,81.8
2017-2018,8770,John Hancock Demonstration School,Elementary-Middle,94.0
2017-2018,5180,Vaux High School: A Big Picture,High,87.5
2018-2019,1010,John Bartram High School,High,81.1
2018-2019,1020,West Philadelphia High School,High,80.8
2018-2019,1030,High School of the Future,High,91.8
2018-2019,1050,Paul Robeson High School for Human Services,High,91.9
2018-2019,1100,William L. Sayre High School,High,81.7
2018-2019,1130,William T. Tilden School,Middle,93.3
2018-2019,1190,Motivation High School,High,96.9
2018-2019,1200,John Barry School,Elementary-Middle,89.09999999999999
2018-2019,1230,William C. Bryant School,Elementary-Middle,87.5
2018-2019,1250,Joseph W. Catharine School,Elementary,91.9
2018-2019,1260,Benjamin B. Comegys School,Elementary-Middle,89.09999999999999
2018-2019,1280,Sadie Alexander School,Elementary-Middle,97.4
2018-2019,1290,Andrew Hamilton School,Elementary-Middle,89.5
2018-2019,1300,Avery D. Harrington School,Elementary-Middle,88.2
2018-2019,1340,Henry C. Lea School,Elementary-Middle,91.7
2018-2019,1350,William C. Longstreth School,Elementary-Middle,91.3
2018-2019,1360,Morton McMichael School,Elementary-Middle,91.3
2018-2019,1370,S. Weir Mitchell School,Elementary-Middle,90.3
2018-2019,1380,Thomas G. Morton School,Elementary,91.7
2018-2019,1390,Samuel Powel School,Elementary,96.09999999999999
2018-2019,1400,John M. Patterson School,Elementary,94.5
2018-2019,1410,James Rhoads School,Elementary-Middle,88.8
2018-2019,1420,Martha Washington School,Elementary-Middle,92.3
2018-2019,1440,Penrose School,Elementary-Middle,91.7
2018-2019,1460,Add B. Anderson School,Elementary-Middle,91.7
2018-2019,1470,Alain Locke School,Elementary-Middle,89.2
2018-2019,1490,Rudolph Blankenburg School,Elementary-Middle,89.2
2018-2019,1580,Middle Years Alternative School,Middle,96.0
2018-2019,2000,South Philadelphia High School,High,83.5
2018-2019,2010,Benjamin Franklin High School,High,79.3
2018-2019,2020,High School for Creative and Performing Arts,High,96.09999999999999
2018-2019,2140,Julia R. Masterman School,Middle-High,97.90000000000001
2018-2019,2160,Furness High School,High,87.0
2018-2019,2190,D. Newlin Fell School,Elementary-Middle,93.59999999999999
2018-2019,2210,Bache-Martin School,Elementary-Middle,93.09999999999999
2018-2019,2240,F. Amedee Bregy School,Elementary-Middle,92.09999999999999
2018-2019,2260,George W. Childs School,Elementary-Middle,92.8
2018-2019,2290,Franklin Learning Center,High,93.09999999999999
2018-2019,2320,Stephen Girard School,Elementary,90.7
2018-2019,2340,General George A. McCall School,Elementary-Middle,97.6
2018-2019,2370,Delaplaine McDaniel School,Elementary-Middle,90.4
2018-2019,2380,William M. Meredith School,Elementary-Middle,96.9
2018-2019,2390,Robert Morris School,Elementary-Middle,92.2
2018-2019,2410,Girard Academic Music Program,Middle-High,96.40000000000001
2018-2019,2450,Edwin M. Stanton School,Elementary-Middle,93.2
2018-2019,2470,Albert M. Greenfield School,Elementary-Middle,96.5
2018-2019,2480,Chester A. Arthur School,Elementary-Middle,93.0
2018-2019,2490,Laura W. Waring School,Elementary-Middle,91.2
2018-2019,2510,Andrew Jackson School,Elementary-Middle,95.2
2018-2019,2520,Abram S. Jenks School,Elementary,96.3
2018-2019,2540,Francis S. Key School,Elementary,94.8
2018-2019,2580,Eliza B. Kirkbride School,Elementary-Middle,97.0
2018-2019,2590,George W. Nebinger School,Elementary-Middle,95.0
2018-2019,2620,Academy at Palumbo,High,95.4
2018-2019,2630,George W. Sharswood School,Elementary-Middle,93.09999999999999
2018-2019,2640,Southwark School,Elementary-Middle,95.3
2018-2019,2650,Science Leadership Academy,High,95.2
2018-2019,2670,Constitution High School,High,93.3
2018-2019,2690,John H. Taggart School,Elementary-Middle,94.8
2018-2019,2720,Vare-Washington School,Elementary-Middle,95.0
2018-2019,4020,Overbrook High School,High,75
2018-2019,4030,High School of Engineering and Science,Middle-High,96.7
2018-2019,4060,Murrell Dobbins Career and Technical High School,High,87.09999999999999
2018-2019,4140,Strawberry Mansion High School,High,81.8
2018-2019,4220,James G. Blaine School,Elementary-Middle,90.0
2018-2019,4240,Lewis C. Cassidy Academics Plus School,Elementary-Middle,89.59999999999999
2018-2019,4270,William Dick School,Elementary-Middle,89.0
2018-2019,4280,Samuel Gompers School,Elementary-Middle,92.7
2018-2019,4300,Edward Heston School,Elementary-Middle,87.8
2018-2019,4320,Robert E. Lamberton School,Elementary-Middle,91.2
2018-2019,4350,E. Washington Rhodes School,Elementary-Middle,90.4
2018-2019,4370,Overbrook Elementary School,Elementary-Middle,92.4
2018-2019,4380,Thomas M. Peirce School,Elementary,89.2
2018-2019,4440,Dr. Ethel Allen School,Elementary-Middle,89.7
2018-2019,4460,Tanner G. Duckrey School,Elementary-Middle,87.2
2018-2019,4470,Richard R. Wright School,Elementary,90.4
2018-2019,4480,Overbrook Educational Center,Elementary-Middle,96.09999999999999
2018-2019,4530,Edward Gideon School,Elementary-Middle,89.0
2018-2019,4560,William D. Kelley School,Elementary-Middle,89.4
2018-2019,4570,General George G. Meade School,Elementary-Middle,89.3
2018-2019,5020,Thomas A. Edison High School,High,80.0
2018-2019,5050,Philadelphia Military Academy,High,91.9
2018-2019,5060,Jules E. Mastbaum Area Vocational Technical High School,High,87.5
2018-2019,5070,Parkway Northwest High School,High,95.4
2018-2019,5080,Parkway Center City Middle College High School,High,93.7
2018-2019,5090,Parkway West High School,High,92.3
2018-2019,5150,William W. Bodine High School,High,94.4
2018-2019,5160,Penn Treaty High School,Middle-High,88.9
2018-2019,5170,Julia de Burgos School,Elementary-Middle,89.4
2018-2019,5200,Alexander Adaire School,Elementary-Middle,96.09999999999999
2018-2019,5210,Henry A. Brown School,Elementary-Middle,92.8
2018-2019,5230,Russell H. Conwell School,Middle,95.2
2018-2019,5250,Paul L. Dunbar School,Elementary-Middle,91.8
2018-2019,5260,Lewis Elkin School,Elementary,90.90000000000001
2018-2019,5300,Horatio B. Hackett School,Elementary,93.5
2018-2019,5320,John F. Hartranft School,Elementary-Middle,91.2
2018-2019,5330,William H. Hunter School,Elementary-Middle,90.4
2018-2019,5340,James R. Ludlow School,Elementary-Middle,91.9
2018-2019,5350,William McKinley School,Elementary-Middle,91.4
2018-2019,5370,John Moffet School,Elementary,94.5
2018-2019,5390,Potter-Thomas School,Elementary-Middle,90.90000000000001
2018-2019,5400,Richmond School,Elementary,92.7
2018-2019,5410,Isaac A. Sheppard School,Elementary,90.2
2018-2019,5420,John Welsh School,Elementary-Middle,92.3
2018-2019,5430,Alternative Middle Years at James Martin,Middle,94.3
2018-2019,5440,Frances E. Willard School,Elementary,91.0
2018-2019,5470,William Cramp School,Elementary,91.59999999999999
2018-2019,5480,General Philip Kearny School,Elementary-Middle,92.2
2018-2019,5490,Cayuga School,Elementary,91.8
2018-2019,5500,Thurgood Marshall School,Elementary-Middle,91.7
2018-2019,5520,Kensington High School for Creative and Performing Arts,High,85.8
2018-2019,5530,Philip H. Sheridan School,Elementary,91.3
2018-2019,5550,Kensington Health Sciences Academy,High,89.8
2018-2019,5560,Spring Garden School,Elementary-Middle,93.3
2018-2019,5590,John H. Webster School,Elementary,91.4
2018-2019,5680,Honorable Luis Munoz-Marin School,Elementary-Middle,90.8
2018-2019,6010,Central High School,High,97.6
2018-2019,6030,Roxborough High School,High,87.40000000000001
2018-2019,6040,Walter B. Saul High School,High,91.3
2018-2019,6050,Philadelphia High School for Girls,High,93.4
2018-2019,6060,Martin Luther King High School,High,86.0
2018-2019,6090,A. Philip Randolph Career and Technical High School,High,86.1
2018-2019,6200,Anna B. Day School,Elementary-Middle,92.3
2018-2019,6210,Franklin S. Edmonds School,Elementary-Middle,92.8
2018-2019,6220,Eleanor C. Emlen School,Elementary,93.0
2018-2019,6230,Fitler Academics Plus School,Elementary-Middle,94.09999999999999
2018-2019,6250,Charles W. Henry School,Elementary-Middle,95.59999999999999
2018-2019,6260,Henry H. Houston School,Elementary-Middle,93.4
2018-2019,6270,Jenks Academy for Arts and Sciences,Elementary-Middle,96.0
2018-2019,6300,James Logan School,Elementary,93.09999999999999
2018-2019,6310,John F. McCloskey School,Elementary-Middle,92.5
2018-2019,6320,Thomas Mifflin School,Elementary-Middle,94.09999999999999
2018-2019,6340,Joseph Pennell School,Elementary,91.59999999999999
2018-2019,6350,Samuel Pennypacker School,Elementary-Middle,91.2
2018-2019,6360,Theodore Roosevelt School,Elementary-Middle,88.59999999999999
2018-2019,6380,Shawmont School,Elementary-Middle,94.7
2018-2019,6390,Edward T. Steel School,Elementary-Middle,88.7
2018-2019,6410,Cook-Wissahickon School,Elementary-Middle,94.7
2018-2019,6440,Anna L. Lingelbach School,Elementary-Middle,93.8
2018-2019,6450,James Dobson School,Elementary-Middle,93.8
2018-2019,6460,Hill-Freedman World Academy,Middle-High,95.2
2018-2019,6470,John B. Kelly School,Elementary,89.9
2018-2019,6480,Academy for the Middle Years at Northwest,Middle,95.8
2018-2019,6540,Lankenau High School,High,94.5
2018-2019,7010,Frankford High School,High,83.90000000000001
2018-2019,7100,Jay Cooke School,Elementary-Middle,90.2
2018-2019,7110,Warren G. Harding School,Middle,92.5
2018-2019,7120,Samuel Fels High School,High,85.40000000000001
2018-2019,7130,General Louis Wagner School,Middle,93.3
2018-2019,7150,Juniata Park Academy,Elementary-Middle,94.09999999999999
2018-2019,7200,Clara Barton School,Elementary,91.5
2018-2019,7220,Laura H. Carnell School,Elementary,90.59999999999999
2018-2019,7260,Ellwood School,Elementary,93.4
2018-2019,7270,Thomas K. Finletter School,Elementary-Middle,93.8
2018-2019,7280,Benjamin Franklin School,Elementary-Middle,95.59999999999999
2018-2019,7290,Allen M. Stearne School,Elementary-Middle,89.9
2018-2019,7300,Francis Hopkinson School,Elementary-Middle,92.09999999999999
2018-2019,7310,Feltonville Intermediate School,Elementary,94.3
2018-2019,7320,Julia W. Howe School,Elementary,93.4
2018-2019,7330,Henry W. Lawton School,Elementary,90.59999999999999
2018-2019,7350,James R. Lowell School,Elementary,91.8
2018-2019,7360,John Marshall School,Elementary,91.09999999999999
2018-2019,7370,"Grover Washington, Jr. School",Middle,95.3
2018-2019,7380,Alexander K. McClure School,Elementary,91.2
2018-2019,7390,Andrew J. Morrison School,Elementary-Middle,92.8
2018-2019,7400,Olney School,Elementary-Middle,94.2
2018-2019,7430,James J. Sullivan School,Elementary,90.4
2018-2019,7440,Bayard Taylor School,Elementary,90.8
2018-2019,7460,William H. Ziegler School,Elementary-Middle,92.2
2018-2019,7470,Bridesburg School,Elementary-Middle,92.8
2018-2019,7490,Prince Hall School,Elementary,93.09999999999999
2018-2019,7500,Feltonville School of Arts and Sciences,Middle,95.0
2018-2019,7510,Mary M. Bethune School,Elementary-Middle,88.7
2018-2019,7530,William Rowen School,Elementary,92.9
2018-2019,7730,Roberto Clemente School,Middle,93.4
2018-2019,8010,Abraham Lincoln High School,High,89.0
2018-2019,8020,Northeast High School,High,89.7
2018-2019,8030,George Washington High School,High,90.09999999999999
2018-2019,8040,Arts Academy at Benjamin Rush,High,95.7
2018-2019,8090,Swenson Arts and Technology High School,High,92.8
2018-2019,8120,Woodrow Wilson School,Middle,94.5
2018-2019,8140,Austin Meehan School,Middle,91.5
2018-2019,8160,Baldi School,Middle,95.5
2018-2019,8200,Ethan Allen School,Elementary-Middle,95.09999999999999
2018-2019,8210,Joseph H. Brown School,Elementary,92.3
2018-2019,8230,Kennedy C. Crossan School,Elementary,95.5
2018-2019,8240,Hamilton Disston School,Elementary-Middle,89.59999999999999
2018-2019,8250,Edwin Forrest School,Elementary,92.5
2018-2019,8260,Fox Chase School,Elementary,93.9
2018-2019,8270,Thomas Holme School,Elementary,93.59999999999999
2018-2019,8300,Mayfair School,Elementary-Middle,96.2
2018-2019,8310,J. Hampton Moore School,Elementary,94.0
2018-2019,8340,Solomon Solis-Cohen School,Elementary,93.7
2018-2019,8350,Gilbert Spruance School,Elementary-Middle,93.3
2018-2019,8360,Rhawnhurst School,Elementary,94.3
2018-2019,8370,Watson Comly School,Elementary,94.9
2018-2019,8380,Louis H. Farrell School,Elementary-Middle,95.2
2018-2019,8390,A.L. Fitzpatrick School,Elementary-Middle,93.3
2018-2019,8400,Anne Frank School,Elementary,95.9
2018-2019,8410,Robert B. Pollock School,Elementary,92.5
2018-2019,8420,Stephen Decatur School,Elementary-Middle,94.3
2018-2019,8430,Joseph Greenberg School,Elementary-Middle,97.09999999999999
2018-2019,8440,William H. Loesche School,Elementary,94.3
2018-2019,8560,The Workshop School,High,91.4
2018-2019,2680,The Science Leadership Academy at Beeber,Middle-High,95.5
2018-2019,5610,Building 21,High,88.5
2018-2019,5620,The U School,High,85.40000000000001
2018-2019,5660,The LINC,High,85.8
2018-2019,6400,Widener Memorial School,Elementary-Middle-High,74.8
2018-2019,8780,Philadelphia Virtual Academy,Middle-High,99.9
2018-2019,2050,Science Leadership Academy Middle School,Middle,95.5
2018-2019,4360,Kenderton Elementary School,Elementary-Middle,88.8
2018-2019,5700,Kensington High School,High,80.7
2018-2019,8770,John Hancock Demonstration School,Elementary-Middle,94.09999999999999
2018-2019,5180,Vaux High School: A Big Picture,High,87.0
2019-2020,1010,John Bartram High School,High,78.8
2019-2020,1020,West Philadelphia High School,High,84.2
2019-2020,1030,High School of the Future,High,91.6
2019-2020,1050,Paul Robeson High School for Human Services,High,96.0
2019-2020,1100,William L. Sayre High School,High,86.9
2019-2020,1130,William T. Tilden School,Middle,95.0
2019-2020,1190,Motivation High School,High,97.7
2019-2020,1200,John Barry School,Elementary-Middle,88.8
2019-2020,1230,William C. Bryant School,Elementary-Middle,89.0
2019-2020,1250,Joseph W. Catharine School,Elementary,92.9
2019-2020,1260,Benjamin B. Comegys School,Elementary-Middle,89.5
2019-2020,1280,Sadie Alexander School,Elementary-Middle,97.3
2019-2020,1290,Andrew Hamilton School,Elementary-Middle,89.2
2019-2020,1300,Avery D. Harrington School,Elementary-Middle,90.3
2019-2020,1340,Henry C. Lea School,Elementary-Middle,92.9
2019-2020,1350,William C. Longstreth School,Elementary-Middle,91.3
2019-2020,1360,Morton McMichael School,Elementary-Middle,91.3
2019-2020,1370,S. Weir Mitchell School,Elementary-Middle,91.6
2019-2020,1380,Thomas G. Morton School,Elementary,92.3
2019-2020,1390,Samuel Powel School,Elementary,95.9
2019-2020,1400,John M. Patterson School,Elementary,96.0
2019-2020,1410,James Rhoads School,Elementary-Middle,90.5
2019-2020,1420,Martha Washington School,Elementary-Middle,92.4
2019-2020,1440,Penrose School,Elementary-Middle,91.5
2019-2020,1460,Add B. Anderson School,Elementary-Middle,91.7
2019-2020,1470,Alain Locke School,Elementary-Middle,90.2
2019-2020,1490,Rudolph Blankenburg School,Elementary-Middle,89.5
2019-2020,1580,Middle Years Alternative School,Middle,98.2
2019-2020,2000,South Philadelphia High School,High,85.9
2019-2020,2010,Benjamin Franklin High School,High,84.3
2019-2020,2020,High School for Creative and Performing Arts,High,96.7
2019-2020,2140,Julia R. Masterman School,Middle-High,98.0
2019-2020,2160,Furness High School,High,86.9
2019-2020,2190,D. Newlin Fell School,Elementary-Middle,93.6
2019-2020,2210,Bache-Martin School,Elementary-Middle,94.3
2019-2020,2240,F. Amedee Bregy School,Elementary-Middle,92.8
2019-2020,2260,George W. Childs School,Elementary-Middle,93.6
2019-2020,2290,Franklin Learning Center,High,93.1
2019-2020,2320,Stephen Girard School,Elementary,91.0
2019-2020,2340,General George A. McCall School,Elementary-Middle,97.3
2019-2020,2370,Delaplaine McDaniel School,Elementary-Middle,89.5
2019-2020,2380,William M. Meredith School,Elementary-Middle,97.0
2019-2020,2390,Robert Morris School,Elementary-Middle,93.3
2019-2020,2410,Girard Academic Music Program,Middle-High,96.9
2019-2020,2450,Edwin M. Stanton School,Elementary-Middle,94.8
2019-2020,2470,Albert M. Greenfield School,Elementary-Middle,96.7
2019-2020,2480,Chester A. Arthur School,Elementary-Middle,94.7
2019-2020,2490,Laura W. Waring School,Elementary-Middle,93.2
2019-2020,2510,Andrew Jackson School,Elementary-Middle,96.0
2019-2020,2520,Abram S. Jenks School,Elementary,96.2
2019-2020,2540,Francis S. Key School,Elementary,95.1
2019-2020,2580,Eliza B. Kirkbride School,Elementary-Middle,96.7
2019-2020,2590,George W. Nebinger School,Elementary-Middle,95.4
2019-2020,2620,Academy at Palumbo,High,96.7
2019-2020,2630,George W. Sharswood School,Elementary-Middle,92.8
2019-2020,2640,Southwark School,Elementary-Middle,95.6
2019-2020,2650,Science Leadership Academy,High,96.2
2019-2020,2670,Constitution High School,High,95.8
2019-2020,2690,John H. Taggart School,Elementary-Middle,96.1
2019-2020,2720,Vare-Washington School,Elementary-Middle,95.7
2019-2020,4020,Overbrook High School,High,78.9
2019-2020,4030,High School of Engineering and Science,Middle-High,97.1
2019-2020,4060,Murrell Dobbins Career and Technical High School,High,88.4
2019-2020,4140,Strawberry Mansion High School,High,79.2
2019-2020,4220,James G. Blaine School,Elementary-Middle,90.5
2019-2020,4240,Lewis C. Cassidy Academics Plus School,Elementary-Middle,92.2
2019-2020,4270,William Dick School,Elementary-Middle,89.5
2019-2020,4280,Samuel Gompers School,Elementary-Middle,93.4
2019-2020,4300,Edward Heston School,Elementary-Middle,89.2
2019-2020,4320,Robert E. Lamberton School,Elementary-Middle,91.4
2019-2020,4350,E. Washington Rhodes School,Elementary-Middle,90.6
2019-2020,4370,Overbrook Elementary School,Elementary-Middle,92.3
2019-2020,4380,Thomas M. Peirce School,Elementary,88.2
2019-2020,4440,Dr. Ethel Allen School,Elementary-Middle,90.5
2019-2020,4460,Tanner G. Duckrey School,Elementary-Middle,89.0
2019-2020,4470,Richard R. Wright School,Elementary,90.7
2019-2020,4480,Overbrook Educational Center,Elementary-Middle,95.9
2019-2020,4530,Edward Gideon School,Elementary-Middle,91.4
2019-2020,4560,William D. Kelley School,Elementary-Middle,91.0
2019-2020,4570,General George G. Meade School,Elementary-Middle,91.0
2019-2020,5020,Thomas A. Edison High School,High,80.0
2019-2020,5050,Philadelphia Military Academy,High,91.4
2019-2020,5060,Jules E. Mastbaum Area Vocational Technical High School,High,88.4
2019-2020,5070,Parkway Northwest High School,High,97.4
2019-2020,5080,Parkway Center City Middle College High School,High,96.2
2019-2020,5090,Parkway West High School,High,91.9
2019-2020,5150,William W. Bodine High School,High,95.3
2019-2020,5160,Penn Treaty High School,Middle-High,87.1
2019-2020,5170,Julia de Burgos School,Elementary-Middle,90.8
2019-2020,5200,Alexander Adaire School,Elementary-Middle,96.1
2019-2020,5210,Henry A. Brown School,Elementary-Middle,93.1
2019-2020,5230,Russell H. Conwell School,Middle,95.1
2019-2020,5250,Paul L. Dunbar School,Elementary-Middle,92.9
2019-2020,5260,Lewis Elkin School,Elementary,90.5
2019-2020,5300,Horatio B. Hackett School,Elementary,95.0
2019-2020,5320,John F. Hartranft School,Elementary-Middle,90.4
2019-2020,5330,William H. Hunter School,Elementary-Middle,90.7
2019-2020,5340,James R. Ludlow School,Elementary-Middle,92.3
2019-2020,5350,William McKinley School,Elementary-Middle,91.7
2019-2020,5370,John Moffet School,Elementary,95.1
2019-2020,5390,Potter-Thomas School,Elementary-Middle,91.3
2019-2020,5400,Richmond School,Elementary,92.2
2019-2020,5410,Isaac A. Sheppard School,Elementary,91.4
2019-2020,5420,John Welsh School,Elementary-Middle,92.8
2019-2020,5430,Alternative Middle Years at James Martin,Middle,95.5
2019-2020,5440,Frances E. Willard School,Elementary,91.2
2019-2020,5470,William Cramp School,Elementary,92.4
2019-2020,5480,General Philip Kearny School,Elementary-Middle,93.1
2019-2020,5490,Cayuga School,Elementary,93.8
2019-2020,5500,Thurgood Marshall School,Elementary-Middle,92.0
2019-2020,5520,Kensington High School for Creative and Performing Arts,High,86.3
2019-2020,5530,Philip H. Sheridan School,Elementary,92.4
2019-2020,5550,Kensington Health Sciences Academy,High,89.5
2019-2020,5560,Spring Garden School,Elementary-Middle,93.1
2019-2020,5590,John H. Webster School,Elementary,92.8
2019-2020,5680,Honorable Luis Munoz-Marin School,Elementary-Middle,91.9
2019-2020,6010,Central High School,High,97.4
2019-2020,6030,Roxborough High School,High,88.3
2019-2020,6040,Walter B. Saul High School,High,93.4
2019-2020,6050,Philadelphia High School for Girls,High,94.8
2019-2020,6060,Martin Luther King High School,High,83.7
2019-2020,6090,A. Philip Randolph Career and Technical High School,High,88.9
2019-2020,6200,Anna B. Day School,Elementary-Middle,93.0
2019-2020,6210,Franklin S. Edmonds School,Elementary-Middle,92.6
2019-2020,6220,Eleanor C. Emlen School,Elementary,94.0
2019-2020,6230,Fitler Academics Plus School,Elementary-Middle,94.1
2019-2020,6250,Charles W. Henry School,Elementary-Middle,96.1
2019-2020,6260,Henry H. Houston School,Elementary-Middle,95.1
2019-2020,6270,Jenks Academy for Arts and Sciences,Elementary-Middle,96.0
2019-2020,6300,James Logan School,Elementary,93.9
2019-2020,6310,John F. McCloskey School,Elementary-Middle,94.5
2019-2020,6320,Thomas Mifflin School,Elementary-Middle,93.4
2019-2020,6340,Joseph Pennell School,Elementary,91.8
2019-2020,6350,Samuel Pennypacker School,Elementary-Middle,92.1
2019-2020,6360,Theodore Roosevelt School,Elementary-Middle,88.7
2019-2020,6380,Shawmont School,Elementary-Middle,94.6
2019-2020,6390,Edward T. Steel School,Elementary-Middle,88.9
2019-2020,6410,Cook-Wissahickon School,Elementary-Middle,94.3
2019-2020,6440,Anna L. Lingelbach School,Elementary-Middle,93.7
2019-2020,6450,James Dobson School,Elementary-Middle,94.4
2019-2020,6460,Hill-Freedman World Academy,Middle-High,95.7
2019-2020,6470,John B. Kelly School,Elementary,90.6
2019-2020,6480,Academy for the Middle Years at Northwest,Middle,96.3
2019-2020,6540,Lankenau High School,High,96.5
2019-2020,7010,Frankford High School,High,84.2
2019-2020,7100,Jay Cooke School,Elementary-Middle,91.0
2019-2020,7110,Warren G. Harding School,Middle,91.9
2019-2020,7120,Samuel Fels High School,High,88.1
2019-2020,7130,General Louis Wagner School,Middle,94.1
2019-2020,7150,Juniata Park Academy,Elementary-Middle,94.7
2019-2020,7200,Clara Barton School,Elementary,92.4
2019-2020,7220,Laura H. Carnell School,Elementary,93.2
2019-2020,7260,Ellwood School,Elementary,93.6
2019-2020,7270,Thomas K. Finletter School,Elementary-Middle,95.7
2019-2020,7280,Benjamin Franklin School,Elementary-Middle,94.9
2019-2020,7290,Allen M. Stearne School,Elementary-Middle,90.5
2019-2020,7300,Francis Hopkinson School,Elementary-Middle,92.5
2019-2020,7310,Feltonville Intermediate School,Elementary,93.7
2019-2020,7320,Julia W. Howe School,Elementary,94.8
2019-2020,7330,Henry W. Lawton School,Elementary,92.5
2019-2020,7350,James R. Lowell School,Elementary,91.7
2019-2020,7360,John Marshall School,Elementary,91.6
2019-2020,7370,"Grover Washington, Jr. School",Middle,96.0
2019-2020,7380,Alexander K. McClure School,Elementary,92.9
2019-2020,7390,Andrew J. Morrison School,Elementary-Middle,93.1
2019-2020,7400,Olney School,Elementary-Middle,94.7
2019-2020,7430,James J. Sullivan School,Elementary,88.7
2019-2020,7440,Bayard Taylor School,Elementary,90.8
2019-2020,7460,William H. Ziegler School,Elementary-Middle,92.4
2019-2020,7470,Bridesburg School,Elementary-Middle,93.3
2019-2020,7490,Prince Hall School,Elementary,93.4
2019-2020,7500,Feltonville School of Arts and Sciences,Middle,96.0
2019-2020,7510,Mary M. Bethune School,Elementary-Middle,91.6
2019-2020,7530,William Rowen School,Elementary,94.1
2019-2020,7730,Roberto Clemente School,Middle,95.6
2019-2020,8010,Abraham Lincoln High School,High,89.9
2019-2020,8020,Northeast High School,High,91.7
2019-2020,8030,George Washington High School,High,90.0
2019-2020,8040,Arts Academy at Benjamin Rush,High,96.0
2019-2020,8090,Swenson Arts and Technology High School,High,94.2
2019-2020,8120,Woodrow Wilson School,Middle,95.2
2019-2020,8140,Austin Meehan School,Middle,92.1
2019-2020,8160,Baldi School,Middle,96.0
2019-2020,8200,Ethan Allen School,Elementary-Middle,93.9
2019-2020,8210,Joseph H. Brown School,Elementary,92.6
2019-2020,8230,Kennedy C. Crossan School,Elementary,95.2
2019-2020,8240,Hamilton Disston School,Elementary-Middle,90.7
2019-2020,8250,Edwin Forrest School,Elementary,93.0
2019-2020,8260,Fox Chase School,Elementary,94.5
2019-2020,8270,Thomas Holme School,Elementary,93.8
2019-2020,8300,Mayfair School,Elementary-Middle,95.6
2019-2020,8310,J. Hampton Moore School,Elementary,94.5
2019-2020,8340,Solomon Solis-Cohen School,Elementary,94.0
2019-2020,8350,Gilbert Spruance School,Elementary-Middle,93.7
2019-2020,8360,Rhawnhurst School,Elementary,95.1
2019-2020,8370,Watson Comly School,Elementary,95.1
2019-2020,8380,Louis H. Farrell School,Elementary-Middle,95.9
2019-2020,8390,A.L. Fitzpatrick School,Elementary-Middle,93.2
2019-2020,8400,Anne Frank School,Elementary,96.1
2019-2020,8410,Robert B. Pollock School,Elementary,93.2
2019-2020,8420,Stephen Decatur School,Elementary-Middle,94.5
2019-2020,8430,Joseph Greenberg School,Elementary-Middle,97.3
2019-2020,8440,William H. Loesche School,Elementary,95.0
2019-2020,8560,The Workshop School,High,94.3
2019-2020,2680,The Science Leadership Academy at Beeber,Middle-High,96.1
2019-2020,5610,Building 21,High,92.1
2019-2020,5620,The U School,High,86.8
2019-2020,5660,The LINC,High,89.2
2019-2020,6400,Widener Memorial School,Elementary-Middle-High,76.0
2019-2020,8780,Philadelphia Virtual Academy,Middle-High,99.8
2019-2020,2050,Science Leadership Academy Middle School,Middle,96.3
2019-2020,4360,Kenderton Elementary School,Elementary-Middle,91.1
2019-2020,5700,Kensington High School,High,83.1
2019-2020,8770,John Hancock Demonstration School,Elementary-Middle,94.2
2019-2020,5180,Vaux High School: A Big Picture,High,85.6
